team,targeted_productivity,smv,wip,over_time,incentive,idle_time,idle_men,no_of_style_change,no_of_workers,department_finishing ,actual_productivity,day,quarter_num,department,idle_time?,idle_men?
9,0.75,3.94,0.0,960,0,0.0,0,0,8,0,0.755166667,Wednesday,1,finishing,False,False
7,0.65,30.1,909.0,7080,0,0.0,0,1,59,0,0.5356779660000001,Thursday,2,sweing,False,False
3,0.8,4.15,0.0,1440,0,0.0,0,0,7,1,0.8208333329999999,Wednesday,2,finishing,False,False
1,0.65,22.53,762.0,5040,0,0.0,0,1,42,0,0.581130952,Wednesday,4,sweing,False,False
4,0.7,30.1,767.0,3300,50,0.0,0,1,57,0,0.7900032359999999,Monday,2,sweing,False,False
3,0.75,4.15,0.0,1920,0,0.0,0,0,8,1,0.875390625,Monday,1,finishing,False,False
3,0.8,19.87,924.0,9900,50,0.0,0,0,55,0,0.8002738290000001,Wednesday,1,sweing,False,False
6,0.7,2.9,0.0,960,0,0.0,0,0,8,0,0.9425,Thursday,1,finishing,False,False
9,0.8,22.52,1086.0,6960,50,0.0,0,0,58,0,0.7999632179999999,Wednesday,1,sweing,False,False
12,0.8,15.26,900.0,4080,50,0.0,0,0,34,0,0.8004019609999999,Tuesday,2,sweing,False,False
3,0.8,4.6,0.0,6300,0,0.0,0,0,15,0,0.921703704,Saturday,4,finishing,False,False
8,0.75,29.4,534.0,6840,56,0.0,0,0,57,0,0.750473684,Tuesday,1,sweing,False,False
7,0.35,22.94,1450.0,10080,30,0.0,0,0,56,0,0.400332792,Tuesday,3,sweing,False,False
12,0.8,15.26,854.0,4080,50,0.0,0,0,34,0,0.8004019609999999,Wednesday,2,sweing,False,False
9,0.8,29.12,1069.0,6960,50,0.0,0,0,58,0,0.7999632179999999,Thursday,1,sweing,False,False
8,0.8,2.9,0.0,4800,0,0.0,0,0,8,1,0.397743056,Thursday,4,finishing,False,False
12,0.8,15.26,1021.0,4080,63,0.0,0,0,34,0,0.8004019609999999,Saturday,1,sweing,False,False
8,0.8,2.9,0.0,1440,0,0.0,0,0,8,1,0.681060606,Tuesday,1,finishing,False,False
4,0.7,30.1,667.0,5940,40,0.0,0,1,60,0,0.7005884059999999,Wednesday,2,sweing,False,False
2,0.65,16.1,626.0,4200,0,0.0,0,1,45,0,0.65024031,Saturday,1,sweing,False,False
11,0.8,11.41,968.0,3660,50,0.0,0,0,31,0,0.8005704920000001,Thursday,1,sweing,False,False
7,0.7,4.15,0.0,1800,0,0.0,0,0,15,0,0.258,Monday,3,finishing,False,False
4,0.8,22.52,1472.0,7020,60,0.0,0,0,59,0,0.85011396,Sunday,1,sweing,False,False
5,0.7,4.15,0.0,1440,0,0.0,0,0,8,1,1.033570076,Tuesday,3,finishing,False,False
6,0.8,11.61,1009.0,5640,63,0.0,0,0,32,0,0.800537143,Saturday,4,sweing,False,False
1,0.8,22.52,1498.0,0,113,0.0,0,0,57,0,1.000065789,Wednesday,2,sweing,False,False
8,0.8,2.9,0.0,1440,0,0.0,0,0,8,1,0.606912879,Thursday,3,finishing,False,False
3,0.8,29.4,983.0,6840,63,0.0,0,1,57,0,0.800578947,Saturday,1,sweing,False,False
10,0.8,22.52,1282.0,6720,75,0.0,0,0,56,0,0.850532143,Sunday,1,sweing,False,False
6,0.8,11.61,972.0,5670,38,0.0,0,0,32,0,0.8002467529999999,Wednesday,2,sweing,False,False
10,0.7,2.9,0.0,1800,0,0.0,0,0,15,0,0.902222222,Tuesday,4,finishing,False,False
12,0.8,26.87,585.0,5670,56,0.0,0,0,32,0,0.662255892,Sunday,3,sweing,False,False
10,0.75,28.08,1209.0,10530,45,0.0,0,0,59,0,0.750545455,Tuesday,1,sweing,False,False
6,0.8,11.61,712.0,7200,50,0.0,0,0,32,0,0.8002460109999999,Monday,1,sweing,False,False
3,0.5,5.13,0.0,1800,0,0.0,0,0,15,0,0.7866,Tuesday,3,finishing,False,False
10,0.7,21.25,1834.0,6360,0,0.0,0,1,53,0,0.471108491,Tuesday,4,sweing,False,False
7,0.65,30.48,935.0,6840,26,0.0,0,1,57,0,0.650596491,Wednesday,2,sweing,False,False
9,0.8,26.16,1128.0,10620,63,0.0,0,0,59,0,0.8001171029999999,Saturday,3,sweing,False,False
10,0.8,3.94,0.0,1440,0,0.0,0,0,8,1,0.846950758,Saturday,2,finishing,False,False
7,0.7,5.13,0.0,960,0,0.0,0,0,8,0,0.671875,Wednesday,3,finishing,False,False
3,0.8,29.4,1231.0,4680,50,0.0,0,0,57,0,0.800149813,Monday,1,sweing,False,False
9,0.75,2.9,0.0,960,0,0.0,0,0,8,0,0.4078125,Thursday,4,finishing,False,False
1,0.8,3.94,0.0,1440,0,0.0,0,0,12,0,0.664875,Thursday,2,finishing,False,False
2,0.75,22.52,1635.0,6840,119,0.0,0,0,57,0,1.000230409,Tuesday,4,sweing,False,False
6,0.8,2.9,0.0,960,0,0.0,0,0,8,0,0.483333333,Saturday,2,finishing,False,False
9,0.8,3.94,0.0,1440,0,0.0,0,0,8,1,0.8581439390000001,Monday,2,finishing,False,False
12,0.8,11.61,1039.0,5670,63,0.0,0,0,32,0,0.8002467529999999,Saturday,3,sweing,False,False
12,0.8,4.6,0.0,0,1080,0.0,0,0,9,0,0.902962963,Monday,2,finishing,False,False
1,0.75,3.94,0.0,960,0,0.0,0,0,8,1,0.8865,Thursday,1,finishing,False,False
2,0.8,3.94,0.0,960,0,0.0,0,0,8,0,1.108125,Sunday,3,finishing,False,False
11,0.5,20.1,1413.0,5880,46,0.0,0,0,54,0,0.5005673079999999,Wednesday,4,sweing,False,False
4,0.75,3.94,0.0,1920,0,0.0,0,0,8,0,0.8133090279999999,Wednesday,2,finishing,False,False
8,0.7,29.4,847.0,6960,30,0.0,0,1,58,0,0.7003620690000001,Wednesday,4,sweing,False,False
3,0.8,4.15,0.0,1620,0,0.0,0,0,9,1,0.901262626,Tuesday,2,finishing,False,False
6,0.7,2.9,0.0,960,0,0.0,0,0,8,0,0.531666667,Wednesday,1,finishing,False,False
6,0.8,2.9,0.0,1440,0,0.0,0,0,8,1,0.8174242420000001,Monday,2,finishing,False,False
4,0.75,30.1,849.0,7020,45,0.0,0,1,58,0,0.750356125,Tuesday,3,sweing,False,False
9,0.75,2.9,0.0,1800,0,0.0,0,0,15,0,0.821666667,Tuesday,2,finishing,False,False
8,0.8,25.9,1292.0,10170,50,0.0,0,0,57,0,0.800128721,Saturday,3,sweing,False,False
5,0.7,27.48,230.0,6960,40,0.0,0,0,58,0,0.7004241379999999,Thursday,1,sweing,False,False
6,0.8,11.41,986.0,5490,50,0.0,0,0,31,0,0.8003437659999999,Wednesday,1,sweing,False,False
5,0.7,4.15,0.0,9000,0,0.0,0,0,15,1,0.742901235,Thursday,4,finishing,False,False
9,0.7,29.12,1143.0,10440,40,0.0,0,0,58,0,0.70061442,Monday,4,sweing,False,False
1,0.8,26.16,1179.0,10620,75,0.0,0,0,59,0,0.850502311,Wednesday,1,sweing,False,False
9,0.7,29.12,1294.0,6960,50,0.0,0,0,58,0,0.700386207,Tuesday,4,sweing,False,False
7,0.8,25.9,1066.0,10170,50,0.0,0,0,57,0,0.800128721,Wednesday,1,sweing,False,False
2,0.8,22.52,1413.0,360,70,0.0,0,0,57,0,0.900477825,Monday,2,sweing,False,False
11,0.8,2.9,0.0,960,0,0.0,0,0,8,0,0.657083333,Saturday,1,finishing,False,False
7,0.8,25.9,1031.0,10170,60,0.0,0,0,57,0,0.850136766,Monday,2,sweing,False,False
4,0.75,26.82,1054.0,7080,45,0.0,0,0,59,0,0.750050847,Wednesday,2,sweing,False,False
7,0.8,25.9,1281.0,10170,60,0.0,0,0,57,0,0.850136766,Thursday,3,sweing,False,False
7,0.7,4.15,0.0,1800,0,0.0,0,0,15,0,0.929277778,Saturday,2,finishing,False,False
9,0.7,18.79,1641.0,6000,40,0.0,0,1,50,0,0.60128,Monday,4,sweing,False,False
7,0.6,3.94,0.0,960,0,0.0,0,0,8,1,0.406354167,Wednesday,4,finishing,False,False
1,0.8,3.94,0.0,1440,0,0.0,0,0,12,0,0.618361111,Wednesday,2,finishing,False,False
8,0.8,26.16,1261.0,7080,50,0.0,0,0,59,0,0.8003186440000001,Saturday,1,sweing,False,False
9,0.75,18.79,1226.0,3480,45,0.0,0,0,51,0,0.749987124,Saturday,1,sweing,False,False
11,0.8,3.94,0.0,2400,0,0.0,0,0,10,1,0.939513889,Monday,1,finishing,False,False
3,0.8,22.52,1350.0,6840,113,0.0,0,0,57,0,1.000230409,Wednesday,4,sweing,False,False
3,0.6,22.52,1140.0,10170,30,0.0,0,0,57,0,0.600291767,Saturday,3,sweing,False,False
2,0.7,3.9,0.0,960,0,0.0,0,0,8,0,0.440375,Wednesday,4,finishing,False,False
12,0.8,15.26,1062.0,4080,50,0.0,0,0,34,0,0.8004019609999999,Tuesday,4,sweing,False,False
3,0.5,30.1,1261.0,6960,30,0.0,0,1,58,0,0.500801724,Saturday,2,sweing,False,False
4,0.7,26.82,1195.0,6960,60,0.0,0,0,58,0,0.800746552,Saturday,1,sweing,False,False
1,0.7,3.94,0.0,960,0,0.0,0,0,8,0,0.812625,Thursday,1,finishing,False,False
11,0.8,2.9,0.0,960,0,0.0,0,0,8,0,0.755208333,Sunday,2,finishing,False,False
12,0.8,11.61,1216.0,6975,50,0.0,0,0,31,0,0.800030199,Sunday,1,sweing,False,False
1,0.8,22.52,1546.0,0,88,0.0,0,0,57,0,0.90047076,Tuesday,2,sweing,False,False
2,0.75,3.94,0.0,960,0,0.0,0,0,8,1,0.755166667,Thursday,1,finishing,False,False
12,0.8,15.26,970.0,4080,63,0.0,0,0,34,0,0.8004019609999999,Monday,2,sweing,False,False
6,0.7,2.9,0.0,960,0,0.0,0,0,8,1,0.495416667,Tuesday,1,finishing,False,False
1,0.65,3.94,0.0,2400,0,0.0,0,0,8,1,0.505128205,Wednesday,3,finishing,False,False
6,0.75,18.79,759.0,3960,34,0.0,0,0,33,0,0.75065101,Wednesday,3,sweing,False,False
3,0.7,22.52,1095.0,10170,50,0.0,0,0,57,0,0.750062751,Monday,3,sweing,False,False
11,0.75,11.61,698.0,3360,34,0.0,0,2,57,0,0.7504372690000001,Tuesday,4,sweing,False,False
4,0.8,3.94,0.0,4440,0,0.0,0,0,18,1,0.966781346,Tuesday,1,finishing,False,False
10,0.75,21.82,1499.0,6000,34,0.0,0,0,50,0,0.7506079999999999,Tuesday,2,sweing,False,False
12,0.75,4.08,0.0,1080,0,0.0,0,0,9,1,0.7555555559999999,Wednesday,4,finishing,False,False
2,0.6,15.28,529.0,1320,0,0.0,0,1,46,0,0.600099145,Thursday,1,sweing,False,False
9,0.8,3.94,0.0,960,0,0.0,0,0,8,0,0.6074166670000001,Sunday,2,finishing,False,False
1,0.8,3.94,0.0,960,0,0.0,0,0,8,1,0.915229167,Sunday,1,finishing,False,False
3,0.75,3.94,0.0,1440,0,0.0,0,0,12,1,0.861875,Tuesday,4,finishing,False,False
8,0.8,2.9,0.0,1440,0,0.0,0,0,8,1,0.735984848,Thursday,2,finishing,False,False
2,0.7,30.33,361.0,3960,30,0.0,0,1,58,0,0.700069811,Wednesday,4,sweing,False,False
2,0.8,3.94,0.0,2160,0,0.0,0,0,18,0,0.8755555559999999,Sunday,2,finishing,False,False
6,0.75,18.79,913.0,3360,45,0.0,0,0,33,0,0.75065101,Tuesday,4,sweing,False,False
12,0.8,11.41,968.0,3660,50,0.0,0,0,31,0,0.8005704920000001,Thursday,1,sweing,False,False
3,0.8,22.52,21266.0,6840,70,0.0,0,0,57,0,0.90014152,Monday,1,sweing,False,False
6,0.5,2.9,0.0,1200,0,0.0,0,0,10,1,0.899,Thursday,5,finishing,False,False
12,0.7,15.26,1337.0,6120,40,0.0,0,0,34,0,0.70043672,Monday,4,sweing,False,False
5,0.75,20.4,1118.0,10320,56,0.0,0,0,58,0,0.750031447,Monday,4,sweing,False,False
12,0.8,11.61,1120.0,5670,50,0.0,0,0,32,0,0.8002467529999999,Wednesday,1,sweing,False,False
11,0.8,11.61,816.0,2820,50,0.0,0,2,57,0,0.800516667,Thursday,4,sweing,False,False
11,0.8,2.9,0.0,960,0,0.0,0,0,8,0,0.758229167,Tuesday,2,finishing,False,False
8,0.7,29.12,1248.0,6840,0,0.0,0,0,57,0,0.700135088,Wednesday,1,sweing,False,False
3,0.8,4.6,0.0,10500,0,0.0,0,0,25,0,0.936355556,Sunday,1,finishing,False,False
2,0.8,3.94,0.0,2160,0,0.0,0,0,18,0,0.966759259,Tuesday,2,finishing,False,False
2,0.8,3.94,0.0,1200,0,0.0,0,0,10,1,0.912766667,Sunday,1,finishing,False,False
8,0.8,25.9,1039.0,6780,45,0.0,0,0,57,0,0.8503451329999999,Sunday,1,sweing,False,False
3,0.8,4.6,0.0,10080,0,0.0,0,0,24,0,0.86037037,Monday,1,finishing,False,False
10,0.7,21.82,1653.0,6240,0,0.0,0,2,52,0,0.700058333,Wednesday,4,sweing,False,False
11,0.7,11.41,1054.0,3420,30,0.0,0,2,56,0,0.700614035,Tuesday,3,sweing,False,False
12,0.8,4.08,0.0,1080,0,0.0,0,0,9,0,0.906666667,Thursday,1,finishing,False,False
3,0.8,4.6,0.0,1920,0,0.0,0,0,8,0,0.786631944,Wednesday,2,finishing,False,False
12,0.8,4.08,0.0,1080,0,0.0,0,0,9,1,0.778222222,Tuesday,1,finishing,False,False
11,0.65,20.1,1417.0,6480,49,0.0,0,0,54,0,0.650148148,Saturday,5,sweing,False,False
1,0.5,26.66,1448.0,6840,30,0.0,0,2,57,0,0.5503497079999999,Saturday,4,sweing,False,False
5,0.7,45.67,884.0,6960,26,0.0,0,0,58,0,0.603432184,Sunday,1,sweing,False,False
7,0.07,24.26,1608.0,6960,0,0.0,0,0,58,0,0.522844828,Thursday,1,sweing,False,False
12,0.8,5.13,0.0,2160,0,0.0,0,0,9,0,0.609583333,Thursday,3,finishing,False,False
11,0.7,20.1,1192.0,6120,75,0.0,0,0,54,0,0.7005089290000001,Sunday,1,sweing,False,False
10,0.8,3.94,0.0,1200,0,0.0,0,0,10,1,0.971866667,Saturday,5,finishing,False,False
7,0.5,4.15,0.0,960,0,0.0,0,0,8,1,0.8035416670000001,Tuesday,4,finishing,False,False
8,0.8,25.9,1218.0,10170,60,0.0,0,0,57,0,0.850136766,Wednesday,2,sweing,False,False
6,0.65,23.41,1262.0,4560,35,0.0,0,1,38,0,0.650962281,Monday,2,sweing,False,False
4,0.75,30.1,919.0,7140,0,0.0,0,1,60,0,0.598627451,Sunday,3,sweing,False,False
4,0.7,26.82,1028.0,6960,60,0.0,0,0,58,0,0.799975862,Wednesday,1,sweing,False,False
12,0.8,11.61,893.0,4710,50,0.0,0,0,32,0,0.800346445,Saturday,2,sweing,False,False
11,0.5,14.89,917.0,9900,30,0.0,0,0,55,0,0.500025069,Thursday,3,sweing,False,False
11,0.6,2.9,0.0,2880,0,0.0,0,0,12,0,0.805555556,Sunday,4,finishing,False,False
8,0.75,4.6,0.0,3360,0,0.0,0,0,8,0,0.376597222,Saturday,4,finishing,False,False
6,0.75,2.9,0.0,1800,0,0.0,0,0,15,0,0.726933333,Tuesday,4,finishing,False,False
7,0.35,30.1,842.0,6960,0,0.0,0,1,58,0,0.350301724,Monday,2,sweing,False,False
4,0.75,22.52,825.0,10080,94,0.0,0,0,56,0,0.9005562770000001,Wednesday,3,sweing,False,False
2,0.75,3.94,0.0,1200,0,0.0,0,0,10,1,0.7879999999999999,Tuesday,4,finishing,False,False
7,0.7,5.13,0.0,1200,0,0.0,0,0,10,0,0.91375,Tuesday,3,finishing,False,False
9,0.75,18.79,1193.0,6240,45,0.0,0,0,52,0,0.750395513,Monday,2,sweing,False,False
4,0.8,28.08,759.0,6900,50,0.0,0,0,58,0,0.800076522,Monday,1,sweing,False,False
9,0.75,2.9,0.0,960,0,0.0,0,0,8,0,0.4470833329999999,Sunday,1,finishing,False,False
5,0.65,30.1,326.0,5820,0,90.0,10,0,59,0,0.6508348079999999,Wednesday,1,sweing,True,True
9,0.7,29.12,1340.0,6960,63,0.0,0,0,58,0,0.7505931029999999,Wednesday,4,sweing,False,False
5,0.8,11.41,668.0,3660,50,0.0,0,0,31,0,0.7070459020000001,Thursday,1,sweing,False,False
1,0.75,3.94,0.0,1200,0,0.0,0,0,10,1,0.77815,Tuesday,4,finishing,False,False
7,0.6,3.94,0.0,6000,0,0.0,0,0,10,1,0.957638889,Thursday,4,finishing,False,False
10,0.7,2.9,0.0,3360,0,0.0,0,0,8,0,0.4108333329999999,Saturday,4,finishing,False,False
2,0.75,19.87,733.0,6000,34,0.0,0,0,55,0,0.753097531,Thursday,1,sweing,False,False
2,0.8,22.52,1452.0,6960,100,0.0,0,0,58,0,0.949981609,Tuesday,1,sweing,False,False
5,0.8,30.1,15.0,1200,49,0.0,0,1,59,0,0.598792339,Wednesday,4,sweing,False,False
11,0.7,10.05,1042.0,6120,60,0.0,0,0,53,0,0.7002788459999999,Wednesday,1,sweing,False,False
2,0.75,3.94,0.0,1800,0,0.0,0,0,10,1,0.910378788,Monday,4,finishing,False,False
4,0.8,30.1,864.0,480,50,0.0,0,1,58,0,0.800980392,Wednesday,3,sweing,False,False
8,0.8,4.6,0.0,3600,0,0.0,0,0,15,0,0.5907407410000001,Saturday,1,finishing,False,False
10,0.8,3.94,0.0,960,0,0.0,0,0,8,0,0.927541667,Tuesday,3,finishing,False,False
8,0.8,2.9,0.0,1440,0,0.0,0,0,8,1,0.681060606,Tuesday,2,finishing,False,False
12,0.8,15.26,1083.0,720,38,0.0,0,0,34,0,0.800612676,Thursday,1,sweing,False,False
11,0.65,4.15,0.0,2160,0,0.0,0,0,12,1,0.8383838379999999,Sunday,3,finishing,False,False
12,0.8,15.26,986.0,4080,75,0.0,0,0,34,0,0.850520588,Saturday,1,sweing,False,False
7,0.6,30.48,1017.0,6840,25,0.0,0,1,57,0,0.630402924,Tuesday,2,sweing,False,False
12,0.8,4.6,0.0,3780,0,0.0,0,0,9,0,0.590617284,Thursday,4,finishing,False,False
4,0.7,30.1,419.0,7080,0,0.0,0,1,59,0,0.637711864,Thursday,2,sweing,False,False
1,0.75,3.94,0.0,2280,0,0.0,0,0,19,1,0.504596491,Monday,1,finishing,False,False
9,0.8,3.94,0.0,960,0,0.0,0,0,8,0,0.549791667,Wednesday,3,finishing,False,False
10,0.7,19.68,1410.0,5760,0,0.0,0,1,48,0,0.2494166669999999,Thursday,3,sweing,False,False
3,0.35,30.1,770.0,6960,0,0.0,0,1,58,0,0.350301724,Thursday,2,sweing,False,False
8,0.8,25.9,1158.0,10170,60,0.0,0,0,57,0,0.850136766,Saturday,2,sweing,False,False
2,0.6,30.33,868.0,6840,0,0.0,0,1,57,0,0.328131579,Wednesday,3,sweing,False,False
10,0.8,22.52,1388.0,6720,88,0.0,0,0,56,0,0.9008,Sunday,2,sweing,False,False
10,0.75,3.94,0.0,1800,0,0.0,0,0,10,1,0.937242424,Saturday,4,finishing,False,False
9,0.75,2.9,0.0,1080,0,0.0,0,0,9,0,0.929074074,Sunday,2,finishing,False,False
12,0.8,11.61,1216.0,4950,50,0.0,0,0,32,0,0.80003139,Thursday,3,sweing,False,False
8,0.65,29.4,962.0,4560,0,4.5,30,2,57,0,0.2513992539999999,Wednesday,3,sweing,True,True
6,0.65,18.79,881.0,3960,26,0.0,0,0,33,0,0.651007071,Sunday,1,sweing,False,False
9,0.8,26.16,1156.0,10620,75,0.0,0,0,59,0,0.850502311,Tuesday,2,sweing,False,False
9,0.8,26.16,1095.0,10620,88,0.0,0,0,59,0,0.9002157159999999,Sunday,2,sweing,False,False
5,0.8,30.1,679.0,7140,0,0.0,0,0,60,0,0.722568627,Sunday,3,sweing,False,False
4,0.65,26.66,832.0,6780,55,0.0,0,0,57,0,0.750254867,Monday,1,sweing,False,False
3,0.75,4.15,0.0,2160,0,0.0,0,0,12,1,0.712626263,Thursday,2,finishing,False,False
6,0.75,18.79,1055.0,3960,45,0.0,0,0,33,0,0.75065101,Sunday,4,sweing,False,False
9,0.75,18.79,935.0,6240,45,0.0,0,0,52,0,0.750395513,Monday,1,sweing,False,False
8,0.8,2.9,0.0,1440,0,0.0,0,0,8,1,0.639867424,Sunday,3,finishing,False,False
3,0.8,19.87,1043.0,6420,0,0.0,0,0,55,0,0.690182815,Sunday,2,sweing,False,False
8,0.75,2.9,0.0,960,0,0.0,0,0,8,1,0.676666667,Thursday,1,finishing,False,False
3,0.75,19.87,734.0,6600,45,0.0,0,0,55,0,0.75024303,Sunday,1,sweing,False,False
10,0.75,28.08,1066.0,10530,69,0.0,0,0,59,0,0.8,Thursday,2,sweing,False,False
5,0.7,4.6,0.0,960,0,0.0,0,0,8,0,0.5920833329999999,Wednesday,1,finishing,False,False
4,0.8,22.52,1016.0,10170,60,0.0,0,0,57,0,0.850312684,Monday,4,sweing,False,False
6,0.5,2.9,0.0,960,0,0.0,0,0,8,0,0.7975,Saturday,1,finishing,False,False
9,0.7,18.79,1603.0,6120,30,0.0,0,1,51,0,0.638614379,Thursday,3,sweing,False,False
7,0.65,23.54,830.0,6600,0,0.0,0,0,55,0,0.4879199999999999,Thursday,5,sweing,False,False
1,0.75,3.94,0.0,1200,0,0.0,0,0,10,1,0.9456,Wednesday,4,finishing,False,False
6,0.75,2.9,0.0,3360,0,0.0,0,0,8,0,0.271875,Thursday,4,finishing,False,False
6,0.75,18.79,708.0,4080,0,0.0,0,0,34,0,0.612517157,Monday,2,sweing,False,False
6,0.8,2.9,0.0,4800,0,0.0,0,0,8,1,0.626822917,Thursday,4,finishing,False,False
10,0.7,2.9,0.0,3360,0,0.0,0,0,8,0,0.6645833329999999,Sunday,1,finishing,False,False
5,0.8,4.6,0.0,1080,0,0.0,0,0,9,0,0.902962963,Wednesday,4,finishing,False,False
3,0.75,22.52,1495.0,10350,55,0.0,0,0,58,0,0.800513307,Sunday,4,sweing,False,False
7,0.8,25.9,1126.0,10170,60,0.0,0,0,57,0,0.850136766,Tuesday,2,sweing,False,False
6,0.8,11.61,539.0,6975,50,0.0,0,0,31,0,0.879714482,Sunday,1,sweing,False,False
11,0.6,12.52,831.0,9540,30,0.0,0,0,53,0,0.6002298460000001,Sunday,2,sweing,False,False
5,0.7,30.1,754.0,7020,0,0.0,0,0,59,0,0.700618234,Sunday,2,sweing,False,False
8,0.75,4.6,0.0,3360,0,0.0,0,0,8,0,0.773333333,Monday,1,finishing,False,False
3,0.8,22.52,1136.0,6960,113,0.0,0,0,58,0,1.000457471,Saturday,5,sweing,False,False
7,0.7,30.1,562.0,840,30,0.0,0,1,59,0,0.700888203,Tuesday,3,sweing,False,False
5,0.6,30.1,415.0,6960,0,0.0,0,0,58,0,0.415172414,Tuesday,1,sweing,False,False
3,0.5,5.13,0.0,960,0,0.0,0,0,8,0,0.2565,Wednesday,3,finishing,False,False
4,0.75,3.94,0.0,960,0,0.0,0,0,8,0,0.890604167,Sunday,2,finishing,False,False
11,0.8,2.9,0.0,0,960,0.0,0,0,8,0,0.960625,Monday,2,finishing,False,False
12,0.8,11.61,760.0,4470,50,0.0,0,0,32,0,0.80007657,Monday,2,sweing,False,False
11,0.8,4.15,0.0,1980,0,0.0,0,0,7,1,0.934607438,Wednesday,2,finishing,False,False
12,0.8,15.26,983.0,4080,50,0.0,0,0,34,0,0.8004019609999999,Tuesday,1,sweing,False,False
7,0.75,30.1,444.0,0,0,5.0,20,1,59,0,0.611140537,Thursday,3,sweing,True,True
11,0.8,11.61,954.0,0,50,0.0,0,2,58,0,0.800779018,Saturday,4,sweing,False,False
8,0.65,4.15,0.0,960,0,0.0,0,0,8,1,0.5619791670000001,Monday,1,finishing,False,False
12,0.6,15.26,1492.0,6960,23,0.0,0,0,34,0,0.600436426,Thursday,4,sweing,False,False
6,0.8,11.41,843.0,5670,50,0.0,0,0,32,0,0.800181818,Monday,2,sweing,False,False
12,0.8,26.16,844.0,7080,63,0.0,0,0,59,0,0.8003186440000001,Saturday,1,sweing,False,False
3,0.75,29.4,1283.0,6960,45,0.0,0,2,58,0,0.750206897,Wednesday,4,sweing,False,False
12,0.7,4.08,0.0,1620,0,0.0,0,0,9,1,0.6181818179999999,Sunday,4,finishing,False,False
9,0.7,28.08,872.0,6900,44,0.0,0,0,58,0,0.7211269570000001,Thursday,1,sweing,False,False
3,0.8,22.52,968.0,6840,113,0.0,0,0,57,0,1.000230409,Wednesday,1,sweing,False,False
1,0.7,3.94,0.0,960,0,0.0,0,0,8,0,0.664875,Saturday,1,finishing,False,False
12,0.8,5.13,0.0,1200,0,0.0,0,0,10,0,0.9918,Wednesday,3,finishing,False,False
12,0.7,15.26,1296.0,6120,40,0.0,0,0,34,0,0.70043672,Sunday,4,sweing,False,False
2,0.8,28.08,749.0,10350,63,0.0,0,0,58,0,0.800594466,Saturday,2,sweing,False,False
8,0.75,29.4,551.0,6840,45,0.0,0,0,57,0,0.750473684,Monday,1,sweing,False,False
5,0.8,30.1,511.0,0,0,0.0,0,0,59,0,0.800980392,Wednesday,3,sweing,False,False
2,0.8,3.94,0.0,2400,0,0.0,0,0,20,1,1.001416667,Tuesday,1,finishing,False,False
2,0.8,28.08,782.0,6660,50,0.0,0,0,56,0,0.8002378379999999,Sunday,1,sweing,False,False
10,0.7,2.9,0.0,3360,0,0.0,0,0,8,0,0.463194444,Tuesday,1,finishing,False,False
11,0.8,4.15,0.0,1440,0,0.0,0,0,8,1,0.668087121,Sunday,2,finishing,False,False
8,0.8,2.9,0.0,1440,0,0.0,0,0,8,1,0.681060606,Wednesday,1,finishing,False,False
4,0.8,3.94,0.0,4440,0,0.0,0,0,18,1,0.827186544,Wednesday,1,finishing,False,False
9,0.75,18.79,1020.0,5640,45,0.0,0,1,52,0,0.750371895,Thursday,4,sweing,False,False
12,0.8,11.61,1101.0,5310,50,0.0,0,0,32,0,0.8001409690000001,Tuesday,1,sweing,False,False
5,0.75,4.15,0.0,1200,0,0.0,0,0,10,0,0.629416667,Monday,3,finishing,False,False
10,0.75,3.94,0.0,1440,0,0.0,0,0,8,1,0.779791667,Thursday,2,finishing,False,False
9,0.75,2.9,0.0,960,0,0.0,0,0,8,0,0.83375,Wednesday,1,finishing,False,False
8,0.8,25.9,1211.0,10260,60,0.0,0,0,57,0,0.850252525,Tuesday,2,sweing,False,False
1,0.8,26.16,1189.0,10620,75,0.0,0,0,59,0,0.850502311,Thursday,2,sweing,False,False
1,0.7,22.94,1682.0,10530,75,0.0,0,0,59,0,0.8009096090000001,Sunday,4,sweing,False,False
9,0.5,18.79,1688.0,5280,0,0.0,0,1,54,0,0.2830544869999999,Sunday,3,sweing,False,False
3,0.7,22.52,1139.0,10260,63,0.0,0,0,57,0,0.750068049,Wednesday,3,sweing,False,False
9,0.75,29.12,1082.0,6840,81,0.0,0,0,57,0,0.850610526,Saturday,5,sweing,False,False
2,0.8,22.52,1327.0,0,113,0.0,0,0,58,0,1.000344928,Thursday,2,sweing,False,False
5,0.5,30.1,839.0,6960,0,0.0,0,0,58,0,0.500801724,Monday,1,sweing,False,False
11,0.6,20.1,1601.0,4320,46,0.0,0,0,51,0,0.60059761,Thursday,5,sweing,False,False
9,0.8,26.16,1305.0,10620,75,0.0,0,0,59,0,0.850502311,Tuesday,1,sweing,False,False
4,0.7,4.15,0.0,1800,0,0.0,0,0,15,0,1.033155556,Wednesday,2,finishing,False,False
10,0.8,3.94,0.0,5400,0,0.0,0,0,20,1,0.912766667,Tuesday,2,finishing,False,False
4,0.35,22.4,581.0,7350,0,0.0,0,0,52,0,0.35063299,Monday,2,sweing,False,False
9,0.7,2.9,0.0,960,0,0.0,0,0,8,0,0.4108333329999999,Wednesday,4,finishing,False,False
10,0.7,2.9,0.0,960,0,0.0,0,0,8,0,0.39875,Tuesday,2,finishing,False,False
5,0.6,4.15,0.0,1440,0,0.0,0,0,8,1,0.8527935609999999,Sunday,3,finishing,False,False
8,0.7,4.6,0.0,960,0,0.0,0,0,8,0,0.658541667,Wednesday,4,finishing,False,False
10,0.7,2.9,0.0,3360,0,0.0,0,0,8,0,0.4108333329999999,Thursday,4,finishing,False,False
2,0.7,3.94,0.0,15000,0,0.0,0,0,25,1,0.649662222,Thursday,4,finishing,False,False
1,0.8,22.52,1420.0,6840,113,0.0,0,0,57,0,1.000230409,Sunday,3,sweing,False,False
9,0.7,28.08,1072.0,6900,40,0.0,0,0,58,0,0.699965217,Saturday,1,sweing,False,False
3,0.8,22.52,1287.0,6840,100,0.0,0,0,57,0,0.950185965,Thursday,5,sweing,False,False
2,0.8,3.94,0.0,960,0,0.0,0,0,8,1,0.7921041670000001,Sunday,1,finishing,False,False
6,0.7,18.79,913.0,4020,30,0.0,0,0,34,0,0.700184577,Tuesday,1,sweing,False,False
3,0.7,3.94,0.0,12000,0,0.0,0,0,20,1,0.460578704,Thursday,4,finishing,False,False
10,0.8,22.52,1108.0,6720,113,0.0,0,0,56,0,0.999995238,Wednesday,1,sweing,False,False
8,0.65,3.94,0.0,960,0,0.0,0,0,8,1,0.971866667,Saturday,5,finishing,False,False
3,0.8,42.27,465.0,9900,54,0.0,0,0,55,0,0.705576584,Tuesday,2,sweing,False,False
10,0.65,3.94,0.0,960,0,0.0,0,0,8,1,0.705916667,Thursday,1,finishing,False,False
10,0.7,2.9,0.0,0,960,0.0,0,0,8,0,0.477291667,Monday,2,finishing,False,False
3,0.8,22.52,1283.0,6720,88,0.0,0,0,56,0,0.900129762,Sunday,2,sweing,False,False
2,0.7,22.94,1510.0,10620,60,0.0,0,0,57,0,0.8003027909999999,Thursday,4,sweing,False,False
9,0.75,29.12,1282.0,6960,45,0.0,0,0,58,0,0.7505931029999999,Sunday,1,sweing,False,False
3,0.75,3.94,0.0,1800,0,0.0,0,0,10,1,1.059621212,Monday,4,finishing,False,False
3,0.8,29.4,1169.0,6840,63,0.0,0,0,57,0,0.800333333,Wednesday,1,sweing,False,False
12,0.8,2.9,0.0,1440,0,0.0,0,0,8,1,0.793844697,Monday,3,finishing,False,False
11,0.6,2.9,0.0,1200,0,0.0,0,0,10,0,0.715333333,Sunday,3,finishing,False,False
4,0.35,30.1,287.0,6060,23,150.0,15,0,56,0,0.350706422,Wednesday,1,sweing,True,True
11,0.6,2.9,0.0,960,0,0.0,0,0,8,1,0.864583333,Thursday,5,finishing,False,False
9,0.7,2.9,0.0,1800,0,0.0,0,0,15,0,0.726933333,Tuesday,4,finishing,False,False
8,0.8,2.9,0.0,1440,0,0.0,0,0,8,1,0.628882576,Saturday,2,finishing,False,False
8,0.8,25.9,562.0,7470,38,0.0,0,0,57,0,0.800436542,Wednesday,3,sweing,False,False
10,0.8,28.08,1082.0,10530,63,0.0,0,0,59,0,0.8,Saturday,2,sweing,False,False
6,0.75,18.79,670.0,3960,34,0.0,0,0,33,0,0.75065101,Sunday,2,sweing,False,False
3,0.8,22.52,1271.0,5400,50,0.0,0,0,57,0,0.800161172,Monday,2,sweing,False,False
3,0.8,4.6,0.0,6300,0,0.0,0,0,15,0,0.921703704,Thursday,4,finishing,False,False
1,0.7,26.82,1267.0,8160,70,0.0,0,0,58,0,0.850045,Saturday,1,sweing,False,False
3,0.8,4.6,0.0,2400,0,0.0,0,0,20,0,0.900833333,Wednesday,4,finishing,False,False
5,0.75,30.1,788.0,7380,56,0.0,0,0,60,0,0.750406233,Wednesday,2,sweing,False,False
1,0.8,22.52,1532.0,6900,88,0.0,0,0,58,0,0.900147246,Wednesday,1,sweing,False,False
10,0.8,3.94,0.0,960,0,0.0,0,0,8,0,0.7715833329999999,Thursday,1,finishing,False,False
1,0.7,26.66,1562.0,6960,60,0.0,0,0,58,0,0.8005660920000001,Tuesday,1,sweing,False,False
8,0.7,24.26,154.0,6840,0,0.0,0,0,57,0,0.353259649,Sunday,2,sweing,False,False
11,0.8,11.41,560.0,3420,50,0.0,0,0,58,0,0.800034503,Wednesday,2,sweing,False,False
10,0.35,22.4,715.0,10170,23,0.0,0,0,57,0,0.35020649,Tuesday,2,sweing,False,False
10,0.8,3.94,0.0,1440,0,0.0,0,0,8,1,0.828295455,Sunday,2,finishing,False,False
1,0.75,26.82,1322.0,7080,45,0.0,0,0,59,0,0.750050847,Wednesday,2,sweing,False,False
10,0.8,3.94,0.0,1440,0,0.0,0,0,8,1,0.974621212,Saturday,3,finishing,False,False
4,0.8,4.3,0.0,1200,0,0.0,0,0,10,1,0.989,Thursday,5,finishing,False,False
2,0.7,30.33,398.0,6960,0,0.0,0,1,58,0,0.66237931,Thursday,4,sweing,False,False
1,0.8,22.52,1397.0,0,138,0.0,0,0,57,0,1.100483918,Thursday,2,sweing,False,False
6,0.35,22.53,1450.0,2640,0,0.0,0,1,39,0,0.26369382,Thursday,1,sweing,False,False
9,0.8,4.15,0.0,960,0,0.0,0,0,8,1,0.956270833,Saturday,1,finishing,False,False
7,0.7,24.26,1639.0,6720,0,0.0,0,0,56,0,0.541517857,Tuesday,1,sweing,False,False
12,0.8,4.08,0.0,1080,0,0.0,0,0,9,0,0.8915555559999999,Monday,3,finishing,False,False
10,0.8,22.52,10.0,6000,0,0.0,0,0,50,0,0.441392,Thursday,2,sweing,False,False
7,0.8,25.9,1012.0,10170,45,0.0,0,0,57,0,0.850136766,Sunday,2,sweing,False,False
5,0.8,4.6,0.0,7560,0,0.0,0,0,18,0,0.921604938,Thursday,4,finishing,False,False
8,0.7,30.1,824.0,5160,0,0.0,0,1,60,0,0.700206125,Saturday,2,sweing,False,False
11,0.7,4.15,0.0,2700,0,0.0,0,0,9,1,0.470769231,Wednesday,3,finishing,False,False
3,0.8,22.52,11.0,6840,0,0.0,0,1,57,0,0.536901754,Wednesday,2,sweing,False,False
4,0.8,3.94,0.0,6600,0,0.0,0,0,20,1,0.8616790120000001,Sunday,1,finishing,False,False
7,0.65,3.9,0.0,960,0,0.0,0,0,8,0,0.625625,Wednesday,2,finishing,False,False
4,0.7,4.15,0.0,1800,0,0.0,0,0,15,0,0.7967555559999999,Tuesday,2,finishing,False,False
12,0.8,15.26,1053.0,4080,50,0.0,0,0,34,0,0.8004019609999999,Wednesday,4,sweing,False,False
10,0.8,3.94,0.0,1200,0,0.0,0,0,10,1,0.85695,Monday,1,finishing,False,False
4,0.75,22.52,867.0,10260,94,0.0,0,0,57,0,0.9003211059999999,Sunday,4,sweing,False,False
4,0.6,30.1,486.0,6780,30,0.0,0,1,57,0,0.600224189,Saturday,1,sweing,False,False
11,0.75,42.97,1282.0,10260,56,0.0,0,0,57,0,0.7500412009999999,Saturday,4,sweing,False,False
9,0.8,3.94,0.0,1800,0,0.0,0,0,10,1,0.82680303,Saturday,3,finishing,False,False
4,0.8,30.1,323.0,4080,50,0.0,0,1,59,0,0.800808642,Wednesday,4,sweing,False,False
11,0.75,11.61,635.0,3360,45,0.0,0,0,57,0,0.750503571,Wednesday,4,sweing,False,False
8,0.8,25.9,1083.0,10170,38,0.0,0,0,57,0,0.800128721,Tuesday,1,sweing,False,False
12,0.8,4.6,0.0,1080,0,0.0,0,0,9,0,0.868888889,Saturday,1,finishing,False,False
1,0.8,3.94,0.0,1440,0,0.0,0,0,8,1,0.891723485,Wednesday,2,finishing,False,False
5,0.8,30.1,276.0,600,63,3.5,15,0,60,0,0.7999828529999999,Thursday,3,sweing,True,True
9,0.75,18.79,841.0,6240,45,0.0,0,1,52,0,0.750395513,Saturday,4,sweing,False,False
9,0.75,18.79,1206.0,6240,34,0.0,0,0,52,0,0.750395513,Wednesday,1,sweing,False,False
2,0.65,30.33,841.0,6840,0,0.0,0,1,57,0,0.585315789,Thursday,3,sweing,False,False
5,0.7,27.48,573.0,6840,30,0.0,0,0,57,0,0.7006596490000001,Tuesday,1,sweing,False,False
6,0.6,23.41,1266.0,2520,23,0.0,0,1,38,0,0.601037091,Sunday,2,sweing,False,False
8,0.7,3.9,0.0,960,0,0.0,0,0,8,0,0.625625,Wednesday,2,finishing,False,False
6,0.7,23.41,1180.0,4560,30,0.0,0,1,38,0,0.7002464909999999,Tuesday,2,sweing,False,False
5,0.7,20.4,1352.0,10260,50,0.0,0,0,57,0,0.7000637959999999,Tuesday,3,sweing,False,False
4,0.7,26.66,950.0,6960,50,0.0,0,0,58,0,0.750770115,Tuesday,1,sweing,False,False
7,0.8,2.9,0.0,1440,0,0.0,0,0,8,1,0.648106061,Monday,2,finishing,False,False
10,0.75,3.94,0.0,3420,0,0.0,0,0,19,1,0.955151515,Sunday,4,finishing,False,False
8,0.8,25.9,1026.0,10170,60,0.0,0,0,57,0,0.850136766,Thursday,2,sweing,False,False
12,0.8,15.26,1069.0,4080,63,0.0,0,0,34,0,0.8004019609999999,Tuesday,2,sweing,False,False
6,0.7,18.79,2984.0,3960,30,0.0,0,0,33,0,0.700354545,Monday,1,sweing,False,False
1,0.8,3.94,0.0,960,0,0.0,0,0,8,1,0.902916667,Saturday,1,finishing,False,False
2,0.7,30.33,512.0,4560,0,0.0,0,1,58,0,0.7002111109999999,Saturday,4,sweing,False,False
11,0.8,4.15,0.0,1440,0,0.0,0,0,8,1,0.8174242420000001,Saturday,2,finishing,False,False
2,0.5,15.28,261.0,5520,0,0.0,0,1,46,0,0.4041449279999999,Wednesday,1,sweing,False,False
8,0.6,30.1,1069.0,4560,30,0.0,0,1,58,0,0.714410494,Wednesday,2,sweing,False,False
5,0.7,4.15,0.0,240,0,0.0,0,0,2,0,0.87,Wednesday,2,finishing,False,False
1,0.75,26.82,1254.0,6960,65,0.0,0,0,58,0,0.85007069,Sunday,2,sweing,False,False
10,0.7,21.82,1390.0,6000,30,0.0,0,0,50,0,0.700422,Thursday,1,sweing,False,False
4,0.8,28.08,990.0,10350,50,0.0,0,0,58,0,0.800594466,Wednesday,1,sweing,False,False
7,0.8,2.9,0.0,1440,0,0.0,0,0,8,1,0.689299242,Thursday,3,finishing,False,False
12,0.75,15.26,1276.0,1440,45,0.0,0,0,35,0,0.750450658,Sunday,1,sweing,False,False
2,0.75,3.94,0.0,1440,0,0.0,0,0,8,1,0.970075758,Sunday,4,finishing,False,False
9,0.8,26.16,1324.0,10620,75,0.0,0,0,59,0,0.850502311,Wednesday,1,sweing,False,False
7,0.5,3.9,0.0,960,0,0.0,0,0,8,0,0.560625,Tuesday,2,finishing,False,False
6,0.8,25.9,1152.0,6720,50,0.0,0,0,56,0,0.800125,Saturday,1,sweing,False,False
10,0.8,22.52,598.0,0,75,0.0,0,0,56,0,0.850364583,Wednesday,2,sweing,False,False
5,0.7,26.82,992.0,6960,30,0.0,0,1,58,0,0.700556897,Wednesday,2,sweing,False,False
7,0.8,2.9,0.0,1440,0,0.0,0,0,8,1,0.837594697,Wednesday,2,finishing,False,False
9,0.8,3.94,0.0,960,0,0.0,0,0,8,0,0.6895,Tuesday,2,finishing,False,False
1,0.8,3.94,0.0,1440,0,0.0,0,0,2,1,0.951420455,Tuesday,2,finishing,False,False
10,0.7,28.08,1202.0,6900,40,0.0,0,0,58,0,0.699965217,Sunday,1,sweing,False,False
11,0.7,2.9,0.0,960,0,0.0,0,0,8,0,0.5046875,Tuesday,4,finishing,False,False
6,0.75,20.2,402.0,3120,45,0.0,0,0,33,0,0.750212553,Tuesday,1,sweing,False,False
10,0.8,3.94,0.0,1440,0,0.0,0,0,12,1,0.979527778,Tuesday,4,finishing,False,False
4,0.35,4.3,0.0,3600,0,0.0,0,0,20,1,0.988636364,Thursday,3,finishing,False,False
5,0.65,20.79,1015.0,7080,81,0.0,0,0,59,0,0.800473729,Thursday,5,sweing,False,False
5,0.5,4.15,0.0,1440,0,0.0,0,0,8,1,0.337973485,Saturday,2,finishing,False,False
12,0.8,15.26,1060.0,4080,63,0.0,0,0,34,0,0.8004019609999999,Monday,4,sweing,False,False
2,0.8,5.13,0.0,3600,0,0.0,0,0,15,0,0.710125,Thursday,3,finishing,False,False
2,0.7,22.94,1422.0,10500,60,0.0,0,0,57,0,0.800415742,Wednesday,3,sweing,False,False
7,0.8,3.94,0.0,960,0,0.0,0,0,8,1,0.6253125,Saturday,1,finishing,False,False
2,0.8,3.94,0.0,2160,0,0.0,0,0,18,0,0.966759259,Wednesday,1,finishing,False,False
2,0.7,16.1,817.0,5520,30,0.0,0,1,45,0,0.700516224,Monday,2,sweing,False,False
8,0.8,2.9,0.0,720,0,0.0,0,0,4,1,0.329545455,Sunday,4,finishing,False,False
6,0.8,11.41,1047.0,5580,63,0.0,0,0,31,0,0.8002614859999999,Tuesday,3,sweing,False,False
8,0.35,4.15,0.0,1440,0,0.0,0,0,12,0,0.755486111,Thursday,2,finishing,False,False
4,0.8,28.08,925.0,10350,50,0.0,0,0,58,0,0.800594466,Tuesday,1,sweing,False,False
7,0.7,5.13,0.0,960,0,0.0,0,0,8,0,0.283958333,Sunday,4,finishing,False,False
2,0.8,3.94,0.0,1200,0,0.0,0,0,10,1,0.971866667,Saturday,5,finishing,False,False
11,0.8,19.31,678.0,4800,50,0.0,0,0,55,0,0.800250962,Monday,1,sweing,False,False
2,0.8,3.94,0.0,1800,0,0.0,0,0,10,1,0.980909091,Saturday,3,finishing,False,False
11,0.7,14.89,1863.0,10260,50,0.0,0,0,57,0,0.700170388,Thursday,4,sweing,False,False
12,0.8,4.08,0.0,1080,0,0.0,0,0,9,0,0.8008888890000001,Saturday,2,finishing,False,False
4,0.8,22.52,1342.0,6780,50,0.0,0,0,57,0,0.800489676,Wednesday,4,sweing,False,False
11,0.7,14.89,1501.0,10260,50,0.0,0,0,57,0,0.700170388,Tuesday,3,sweing,False,False
4,0.6,3.94,0.0,960,0,0.0,0,0,8,0,0.673083333,Sunday,1,finishing,False,False
1,0.8,3.94,0.0,1440,0,0.0,0,0,12,0,0.845458333,Thursday,1,finishing,False,False
6,0.8,2.9,0.0,960,0,0.0,0,0,8,1,0.6225,Tuesday,4,finishing,False,False
3,0.65,22.52,1138.0,10170,35,0.0,0,0,57,0,0.650416734,Sunday,3,sweing,False,False
8,0.35,4.15,0.0,1800,0,0.0,0,0,15,0,0.7071111109999999,Monday,2,finishing,False,False
8,0.8,4.6,0.0,960,0,0.0,0,0,8,0,0.930416667,Wednesday,1,finishing,False,False
8,0.8,25.9,1380.0,3630,50,0.0,0,0,57,0,0.800162602,Monday,3,sweing,False,False
10,0.75,21.82,1674.0,6000,34,0.0,0,0,50,0,0.7506079999999999,Wednesday,2,sweing,False,False
3,0.7,22.52,1244.0,10260,63,0.0,0,0,57,0,0.750068049,Thursday,4,sweing,False,False
10,0.7,22.52,1108.0,10080,63,0.0,0,0,56,0,0.750057359,Tuesday,3,sweing,False,False
8,0.35,15.09,1448.0,9360,23,0.0,0,0,52,0,0.34998951,Saturday,4,sweing,False,False
8,0.75,29.4,792.0,4560,56,0.0,0,2,58,0,0.7504259259999999,Saturday,4,sweing,False,False
10,0.8,3.94,0.0,1260,0,0.0,0,0,8,1,0.332359307,Wednesday,2,finishing,False,False
6,0.8,25.9,1170.0,1920,50,0.0,0,0,56,0,0.8003819440000001,Thursday,1,sweing,False,False
8,0.6,24.26,1196.0,6600,0,0.0,0,0,55,0,0.466821212,Sunday,1,sweing,False,False
3,0.7,29.4,1228.0,6960,30,0.0,0,2,58,0,0.7003620690000001,Monday,4,sweing,False,False
8,0.8,4.6,0.0,2640,0,0.0,0,0,22,0,0.980984848,Thursday,1,finishing,False,False
2,0.8,28.08,783.0,10050,63,0.0,0,0,59,0,0.8004972459999999,Thursday,2,sweing,False,False
8,0.8,25.9,1209.0,10170,60,0.0,0,0,57,0,0.850136766,Sunday,2,sweing,False,False
12,0.8,15.26,894.0,4080,50,0.0,0,0,34,0,0.8004019609999999,Thursday,2,sweing,False,False
6,0.8,11.41,411.0,14640,50,0.0,0,0,31,0,0.800024932,Thursday,2,sweing,False,False
4,0.7,23.69,544.0,13800,0,0.0,0,0,60,0,0.700134038,Saturday,1,sweing,False,False
2,0.8,22.52,1233.0,6900,113,0.0,0,0,58,0,1.000018551,Sunday,2,sweing,False,False
2,0.8,3.94,0.0,1440,0,0.0,0,0,8,1,0.805909091,Tuesday,1,finishing,False,False
1,0.8,22.94,16882.0,7020,113,0.0,0,0,59,0,1.000602279,Monday,1,sweing,False,False
6,0.6,3.94,0.0,1200,0,0.0,0,0,10,1,0.971866667,Saturday,5,finishing,False,False
3,0.75,22.52,1299.0,6840,119,0.0,0,0,57,0,1.000230409,Tuesday,4,sweing,False,False
1,0.8,3.94,0.0,1440,0,0.0,0,0,8,1,0.936496212,Tuesday,1,finishing,False,False
3,0.8,29.4,797.0,1800,63,0.0,0,0,57,0,0.800534979,Thursday,1,sweing,False,False
3,0.7,30.1,247.0,6960,50,0.0,0,1,58,0,0.700603448,Thursday,3,sweing,False,False
3,0.6,30.1,1361.0,6960,30,0.0,0,1,58,0,0.475718391,Sunday,3,sweing,False,False
5,0.6,3.94,0.0,0,2880,0.0,0,0,12,0,0.8643425929999999,Monday,2,finishing,False,False
6,0.75,18.79,912.0,3960,45,0.0,0,0,33,0,0.75065101,Thursday,4,sweing,False,False
2,0.8,22.52,674.0,3660,63,0.0,0,0,57,0,0.80037492,Saturday,2,sweing,False,False
3,0.65,30.1,1263.0,600,63,0.0,0,1,58,0,0.802243319,Monday,3,sweing,False,False
4,0.75,4.3,0.0,6000,0,0.0,0,0,20,1,0.978525641,Wednesday,3,finishing,False,False
4,0.75,4.15,0.0,2400,0,0.0,0,0,20,0,0.902916667,Saturday,2,finishing,False,False
11,0.75,10.05,677.0,3240,45,0.0,0,0,27,0,0.750027778,Saturday,1,sweing,False,False
11,0.7,14.89,1484.0,10260,50,0.0,0,0,57,0,0.700170388,Monday,3,sweing,False,False
9,0.8,29.12,609.0,3240,50,0.0,0,0,58,0,0.8001441440000001,Wednesday,2,sweing,False,False
8,0.75,29.4,622.0,6240,56,0.0,0,0,57,0,0.75075,Sunday,1,sweing,False,False
1,0.5,22.94,1492.0,10170,30,0.0,0,0,57,0,0.549969429,Monday,3,sweing,False,False
12,0.8,11.61,896.0,5670,50,0.0,0,0,32,0,0.8002467529999999,Sunday,2,sweing,False,False
4,0.7,22.52,930.0,10260,63,0.0,0,0,57,0,0.750068049,Monday,3,sweing,False,False
7,0.8,2.9,0.0,1440,0,0.0,0,0,8,1,0.670075758,Tuesday,2,finishing,False,False
7,0.8,48.84,624.0,10170,50,0.0,0,0,57,0,0.800128721,Sunday,3,sweing,False,False
9,0.8,3.94,0.0,2400,0,0.0,0,0,8,1,0.827147436,Wednesday,3,finishing,False,False
4,0.8,4.3,0.0,1440,0,0.0,0,0,12,1,0.940625,Tuesday,4,finishing,False,False
6,0.8,2.9,0.0,1440,0,0.0,0,0,12,0,0.936861111,Wednesday,3,finishing,False,False
3,0.8,22.52,1112.0,6840,100,0.0,0,0,57,0,0.950185965,Tuesday,1,sweing,False,False
1,0.7,26.82,1772.0,6960,50,0.0,0,0,58,0,0.750651724,Wednesday,1,sweing,False,False
5,0.65,20.79,1141.0,8460,0,0.0,0,0,59,0,0.650040783,Monday,2,sweing,False,False
1,0.8,22.52,1485.0,6900,113,0.0,0,0,58,0,1.000018551,Thursday,1,sweing,False,False
1,0.8,26.16,1383.0,10620,75,0.0,0,0,59,0,0.850502311,Sunday,2,sweing,False,False
9,0.8,3.94,0.0,960,0,0.0,0,0,8,0,0.697708333,Monday,2,finishing,False,False
9,0.75,29.12,8992.0,6960,55,0.0,0,0,58,0,0.7999632179999999,Monday,1,sweing,False,False
4,0.8,28.08,660.0,10440,63,0.0,0,0,58,0,0.8010282129999999,Saturday,2,sweing,False,False
4,0.8,4.3,0.0,1440,0,0.0,0,0,12,1,0.8092361109999999,Monday,1,finishing,False,False
5,0.8,30.1,680.0,7140,0,0.0,0,0,59,0,0.653431373,Tuesday,3,sweing,False,False
2,0.7,3.9,0.0,1200,0,0.0,0,0,10,0,0.92885,Monday,1,finishing,False,False
2,0.8,22.52,1397.0,6840,113,0.0,0,0,57,0,1.000230409,Saturday,5,sweing,False,False
6,0.75,18.79,52.0,3960,0,0.0,0,0,33,0,0.332146465,Wednesday,1,sweing,False,False
2,0.75,22.94,1636.0,10530,81,0.0,0,0,59,0,0.850223776,Sunday,4,sweing,False,False
7,0.8,25.9,970.0,10170,60,0.0,0,0,57,0,0.850136766,Saturday,2,sweing,False,False
3,0.75,3.94,0.0,1620,0,0.0,0,0,9,1,0.961784512,Sunday,4,finishing,False,False
5,0.65,26.82,1001.0,7080,26,0.0,0,1,59,0,0.6500440679999999,Tuesday,2,sweing,False,False
1,0.5,3.94,0.0,3360,0,0.0,0,0,8,0,0.768847222,Thursday,4,finishing,False,False
9,0.6,29.12,925.0,6660,23,0.0,0,0,58,0,0.600125217,Saturday,4,sweing,False,False
2,0.75,22.94,1764.0,10260,55,0.0,0,0,57,0,0.800034024,Monday,4,sweing,False,False
10,0.8,3.94,0.0,1200,0,0.0,0,0,10,1,0.840533333,Wednesday,4,finishing,False,False
6,0.75,2.9,0.0,960,0,0.0,0,0,8,0,0.845833333,Saturday,1,finishing,False,False
7,0.8,2.9,0.0,1440,0,0.0,0,0,8,1,0.661837121,Saturday,3,finishing,False,False
11,0.75,4.15,0.0,1800,0,0.0,0,0,10,1,0.8960227270000001,Saturday,4,finishing,False,False
10,0.8,22.52,21540.0,6720,88,0.0,0,0,56,0,0.900129762,Monday,1,sweing,False,False
5,0.7,4.15,0.0,240,0,0.0,0,0,2,0,0.58,Thursday,2,finishing,False,False
6,0.8,11.41,1028.0,4380,50,0.0,0,0,31,0,0.800358775,Monday,3,sweing,False,False
10,0.8,28.08,762.0,10530,38,0.0,0,0,59,0,0.8,Sunday,2,sweing,False,False
1,0.6,3.94,0.0,3360,0,0.0,0,0,8,0,0.448722222,Sunday,1,finishing,False,False
1,0.8,22.52,1416.0,6840,113,0.0,0,0,57,0,1.000230409,Saturday,2,sweing,False,False
2,0.8,3.94,0.0,1440,0,0.0,0,0,8,1,0.805909091,Tuesday,2,finishing,False,False
4,0.7,26.82,1117.0,7080,50,0.0,0,0,59,0,0.750050847,Thursday,1,sweing,False,False
7,0.6,22.52,1859.0,10260,23,0.0,0,0,57,0,0.60041361,Thursday,4,sweing,False,False
12,0.8,4.6,0.0,3780,0,0.0,0,0,9,0,0.636049383,Tuesday,1,finishing,False,False
7,0.8,25.9,1255.0,6780,50,0.0,0,0,57,0,0.8006843659999999,Monday,1,sweing,False,False
10,0.7,19.68,1119.0,5640,0,8.0,35,1,47,0,0.303574468,Wednesday,3,sweing,True,True
7,0.8,2.9,0.0,1440,0,0.0,0,0,8,1,0.692045455,Sunday,3,finishing,False,False
11,0.35,14.61,838.0,7200,23,0.0,0,0,55,0,0.35003125,Wednesday,2,sweing,False,False
8,0.7,4.15,0.0,3000,0,0.0,0,0,25,0,0.915766667,Wednesday,1,finishing,False,False
10,0.75,28.08,1144.0,10530,69,0.0,0,0,59,0,0.8,Wednesday,1,sweing,False,False
2,0.8,3.94,0.0,2160,0,0.0,0,0,18,0,0.912037037,Wednesday,2,finishing,False,False
1,0.8,3.94,0.0,2160,0,0.0,0,0,8,1,0.985,Saturday,2,finishing,False,False
4,0.75,30.1,912.0,7020,0,0.0,0,1,58,0,0.750356125,Monday,3,sweing,False,False
9,0.5,29.12,970.0,10440,30,0.0,0,0,58,0,0.500547544,Thursday,4,sweing,False,False
2,0.7,3.9,0.0,960,0,0.0,0,0,8,0,0.325,Tuesday,4,finishing,False,False
1,0.8,26.16,1092.0,10620,63,0.0,0,0,59,0,0.8001171029999999,Wednesday,2,sweing,False,False
1,0.75,3.94,0.0,960,0,0.0,0,0,8,0,0.890604167,Sunday,2,finishing,False,False
2,0.7,30.33,254.0,1800,0,0.0,0,0,58,0,0.683550607,Sunday,1,sweing,False,False
12,0.75,15.26,1209.0,4200,45,0.0,0,0,35,0,0.750646667,Saturday,5,sweing,False,False
6,0.8,30.4,338.0,3840,34,0.0,0,0,32,0,0.622828125,Tuesday,4,sweing,False,False
5,0.7,20.79,391.0,10440,0,0.0,0,0,58,0,0.700060345,Thursday,3,sweing,False,False
6,0.75,18.79,640.0,2400,0,0.0,0,0,34,0,0.750797009,Tuesday,2,sweing,False,False
1,0.65,22.94,1595.0,10260,34,0.0,0,0,57,0,0.700029771,Wednesday,3,sweing,False,False
1,0.75,3.94,0.0,2280,0,0.0,0,0,19,1,0.950438596,Sunday,1,finishing,False,False
1,0.75,22.94,1579.0,6960,81,0.0,0,0,58,0,0.8503620690000001,Thursday,5,sweing,False,False
4,0.8,22.52,23122.0,5940,50,0.0,0,0,57,0,0.800393224,Monday,1,sweing,False,False
1,0.8,49.1,1381.0,10350,24,0.0,0,0,58,0,0.403242161,Sunday,3,sweing,False,False
5,0.7,41.19,1052.0,10440,21,0.0,0,0,58,0,0.452012539,Saturday,3,sweing,False,False
6,0.8,18.79,656.0,3480,38,0.0,0,0,34,0,0.800947475,Wednesday,2,sweing,False,False
8,0.7,30.1,507.0,5880,40,2.0,10,1,59,0,0.7005730990000001,Sunday,3,sweing,True,True
6,0.75,18.79,899.0,3960,56,0.0,0,0,33,0,0.75065101,Thursday,3,sweing,False,False
6,0.8,18.79,779.0,3960,0,0.0,0,0,33,0,0.688017677,Thursday,2,sweing,False,False
7,0.65,3.94,0.0,2160,0,0.0,0,0,12,1,0.8705808079999999,Saturday,4,finishing,False,False
3,0.8,30.1,756.0,6960,63,0.0,0,1,58,0,0.800071839,Tuesday,2,sweing,False,False
5,0.7,20.79,965.0,7320,0,0.0,0,0,58,0,0.700095563,Wednesday,2,sweing,False,False
8,0.6,30.48,869.0,6720,0,0.0,0,1,56,0,0.600528571,Sunday,2,sweing,False,False
10,0.8,22.52,1127.0,120,88,0.0,0,0,56,0,0.9008,Monday,2,sweing,False,False
6,0.75,2.9,0.0,3360,0,0.0,0,0,8,0,0.271875,Saturday,4,finishing,False,False
1,0.8,22.52,1534.0,6780,88,0.0,0,0,57,0,0.900135693,Saturday,1,sweing,False,False
6,0.8,2.9,0.0,960,0,0.0,0,0,8,0,0.604166667,Sunday,3,finishing,False,False
7,0.75,4.6,0.0,960,0,0.0,0,0,8,0,0.676666667,Wednesday,4,finishing,False,False
4,0.35,4.3,0.0,2160,0,0.0,0,0,12,1,0.952020202,Tuesday,2,finishing,False,False
11,0.75,11.41,826.0,2820,0,0.0,0,2,58,0,0.7502939390000001,Monday,4,sweing,False,False
12,0.75,15.26,1436.0,4200,45,0.0,0,0,35,0,0.750646667,Thursday,5,sweing,False,False
1,0.7,22.94,1745.0,10440,60,0.0,0,0,58,0,0.8000235109999999,Monday,4,sweing,False,False
2,0.8,5.13,0.0,4800,0,0.0,0,0,20,0,0.8300625,Sunday,4,finishing,False,False
9,0.8,3.94,0.0,1800,0,0.0,0,0,10,1,0.72830303,Tuesday,3,finishing,False,False
2,0.75,16.1,971.0,5400,45,0.0,0,1,45,0,0.7501407409999999,Wednesday,2,sweing,False,False
1,0.75,3.94,0.0,1800,0,0.0,0,0,15,1,0.971866667,Saturday,5,finishing,False,False
3,0.75,19.87,1075.0,7080,45,0.0,0,0,56,0,0.7500983509999999,Saturday,2,sweing,False,False
4,0.65,23.69,861.0,7200,0,0.0,0,0,60,0,0.52118,Thursday,1,sweing,False,False
8,0.65,3.9,0.0,0,960,0.0,0,0,8,0,0.2640625,Monday,2,finishing,False,False
6,0.35,2.9,0.0,1800,0,0.0,0,0,15,1,0.977555556,Wednesday,4,finishing,False,False
3,0.75,19.87,944.0,6600,45,0.0,0,0,55,0,0.75024303,Monday,1,sweing,False,False
10,0.8,3.94,0.0,1440,0,0.0,0,0,8,1,0.24625,Monday,2,finishing,False,False
9,0.75,18.79,895.0,6240,34,0.0,0,0,52,0,0.750395513,Sunday,1,sweing,False,False
11,0.75,11.41,834.0,3480,0,0.0,0,2,58,0,0.672140805,Sunday,4,sweing,False,False
10,0.8,50.48,381.0,6930,45,0.0,0,0,59,0,0.688557555,Monday,2,sweing,False,False
9,0.8,26.16,1381.0,3660,50,0.0,0,0,59,0,0.8000150090000001,Sunday,3,sweing,False,False
7,0.8,4.6,0.0,4200,0,0.0,0,0,10,0,0.999533333,Tuesday,1,finishing,False,False
9,0.8,3.94,0.0,1800,0,0.0,0,0,10,1,0.582045455,Sunday,3,finishing,False,False
1,0.75,28.08,681.0,6900,45,0.0,0,0,58,0,0.7504278259999999,Thursday,1,sweing,False,False
5,0.7,21.98,413.0,9720,40,0.0,0,0,58,0,0.7004808309999999,Wednesday,1,sweing,False,False
8,0.65,3.9,0.0,960,0,0.0,0,0,8,0,0.560625,Tuesday,2,finishing,False,False
7,0.75,30.1,627.0,6960,0,3.5,20,1,58,0,0.393548851,Sunday,4,sweing,True,True
10,0.8,22.52,1188.0,6720,90,0.0,0,0,56,0,0.999995238,Tuesday,1,sweing,False,False
6,0.7,18.79,766.0,2760,30,0.0,0,0,33,0,0.700079032,Thursday,1,sweing,False,False
5,0.7,4.15,0.0,3060,0,0.0,0,0,17,1,0.973796791,Sunday,4,finishing,False,False
9,0.8,26.16,1369.0,10620,63,0.0,0,0,59,0,0.8001171029999999,Thursday,3,sweing,False,False
5,0.7,4.15,0.0,2700,0,0.0,0,0,15,1,0.966666667,Saturday,4,finishing,False,False
3,0.5,4.15,0.0,960,0,0.0,0,0,8,0,0.864583333,Monday,3,finishing,False,False
5,0.6,21.98,666.0,6960,23,0.0,0,0,58,0,0.6000287360000001,Monday,1,sweing,False,False
10,0.7,21.82,1335.0,6000,30,0.0,0,0,50,0,0.700422,Sunday,2,sweing,False,False
12,0.8,11.61,1159.0,2970,50,0.0,0,0,32,0,0.800313433,Wednesday,2,sweing,False,False
11,0.8,10.05,13.0,3240,34,0.0,0,0,54,0,0.750648148,Tuesday,2,sweing,False,False
11,0.5,11.41,1039.0,2280,0,0.0,0,2,55,0,0.50012336,Thursday,2,sweing,False,False
5,0.7,30.1,773.0,7020,40,0.0,0,0,58,0,0.700618234,Monday,2,sweing,False,False
12,0.7,15.26,1462.0,4080,40,0.0,0,0,34,0,0.7001647059999999,Tuesday,4,sweing,False,False
9,0.8,26.16,399.0,10620,63,0.0,0,0,59,0,0.8001171029999999,Tuesday,3,sweing,False,False
1,0.75,3.94,0.0,1920,0,0.0,0,0,8,0,0.812625,Wednesday,2,finishing,False,False
9,0.75,3.94,0.0,960,0,0.0,0,0,8,1,0.994270833,Monday,1,finishing,False,False
6,0.75,2.9,0.0,3360,0,0.0,0,0,8,0,0.309333333,Tuesday,1,finishing,False,False
2,0.7,3.9,0.0,1200,0,0.0,0,0,10,0,0.884,Sunday,2,finishing,False,False
9,0.75,18.79,1096.0,6240,34,0.0,0,0,52,0,0.750395513,Tuesday,1,sweing,False,False
11,0.75,10.05,668.0,2520,34,0.0,0,0,26,0,0.7504,Thursday,1,sweing,False,False
10,0.7,22.52,1206.0,10080,75,0.0,0,0,56,0,0.800020563,Wednesday,3,sweing,False,False
1,0.8,3.94,0.0,1440,0,0.0,0,0,8,1,0.8842613640000001,Saturday,3,finishing,False,False
6,0.6,18.79,799.0,3960,23,0.0,0,0,33,0,0.600710606,Saturday,5,sweing,False,False
8,0.65,24.26,1435.0,6600,0,0.0,0,0,55,0,0.260978788,Monday,1,sweing,False,False
12,0.8,15.26,1079.0,3720,38,0.0,0,0,34,0,0.800312375,Monday,3,sweing,False,False
8,0.6,3.9,0.0,960,0,0.0,0,0,8,0,0.4509375,Sunday,2,finishing,False,False
3,0.8,5.13,0.0,2160,0,0.0,0,0,18,0,0.87115,Monday,4,finishing,False,False
10,0.65,18.22,741.0,0,0,8.0,35,1,49,0,0.302117347,Tuesday,3,sweing,True,True
10,0.8,22.52,1268.0,0,88,0.0,0,0,56,0,0.90063244,Tuesday,2,sweing,False,False
10,0.7,3.94,0.0,4320,0,0.0,0,0,18,1,0.759228395,Sunday,1,finishing,False,False
12,0.8,4.08,0.0,1080,0,0.0,0,0,9,1,0.687555556,Wednesday,1,finishing,False,False
1,0.8,26.16,1073.0,10620,75,0.0,0,0,59,0,0.850502311,Tuesday,2,sweing,False,False
5,0.5,3.94,0.0,960,0,0.0,0,0,8,0,0.857916667,Sunday,2,finishing,False,False
11,0.7,25.31,946.0,5760,60,0.0,0,0,54,0,0.7005135659999999,Tuesday,1,sweing,False,False
12,0.8,15.26,961.0,4080,50,0.0,0,0,34,0,0.8004019609999999,Wednesday,1,sweing,False,False
9,0.8,3.94,0.0,2400,0,0.0,0,0,10,0,0.753525,Sunday,4,finishing,False,False
7,0.8,30.1,644.0,840,38,0.0,0,1,59,0,0.7999828529999999,Saturday,4,sweing,False,False
5,0.65,4.15,0.0,1440,0,0.0,0,0,8,1,0.8213541670000001,Tuesday,2,finishing,False,False
11,0.7,11.41,685.0,3360,30,0.0,0,2,56,0,0.8211125,Wednesday,3,sweing,False,False
6,0.8,11.41,887.0,5490,50,0.0,0,0,31,0,0.8003437659999999,Sunday,2,sweing,False,False
7,0.8,2.9,0.0,960,0,0.0,0,0,8,1,0.667604167,Sunday,1,finishing,False,False
12,0.6,15.26,1245.0,6360,23,0.0,0,0,34,0,0.60017284,Wednesday,3,sweing,False,False
3,0.75,4.15,0.0,1440,0,0.0,0,0,8,1,0.93532197,Sunday,2,finishing,False,False
1,0.8,22.52,1500.0,6900,113,0.0,0,0,58,0,1.000018551,Tuesday,1,sweing,False,False
2,0.8,4.15,0.0,960,0,0.0,0,0,8,1,0.782447917,Saturday,1,finishing,False,False
6,0.8,11.61,910.0,4470,38,0.0,0,0,32,0,0.80007657,Tuesday,1,sweing,False,False
12,0.8,4.08,0.0,1080,0,0.0,0,0,9,0,0.272,Monday,2,finishing,False,False
8,0.35,30.1,901.0,6960,0,0.0,0,1,58,0,0.350301724,Monday,2,sweing,False,False
6,0.8,11.61,955.0,6360,63,0.0,0,0,32,0,0.8001919890000001,Thursday,4,sweing,False,False
8,0.7,29.4,1146.0,6840,40,0.0,0,2,57,0,0.700614035,Sunday,4,sweing,False,False
12,0.8,15.26,1133.0,4080,38,0.0,0,0,34,0,0.8004019609999999,Tuesday,3,sweing,False,False
4,0.8,28.08,942.0,10530,75,0.0,0,0,59,0,0.8501818179999999,Thursday,2,sweing,False,False
11,0.8,11.61,632.0,0,50,0.0,0,0,57,0,0.800309211,Monday,1,sweing,False,False
1,0.8,26.16,1187.0,10620,75,0.0,0,0,59,0,0.850502311,Tuesday,1,sweing,False,False
9,0.75,18.79,1228.0,6240,45,0.0,0,0,52,0,0.750395513,Thursday,1,sweing,False,False
8,0.8,2.9,0.0,1440,0,0.0,0,0,8,1,0.653598485,Sunday,2,finishing,False,False
1,0.65,3.94,0.0,3360,0,0.0,0,0,8,0,0.537919444,Monday,1,finishing,False,False
7,0.8,2.9,0.0,1440,0,0.0,0,0,8,1,0.590435606,Sunday,2,finishing,False,False
7,0.65,3.94,0.0,1440,0,0.0,0,0,8,1,0.646306818,Monday,4,finishing,False,False
1,0.7,22.94,1384.0,12180,63,0.0,0,0,57,0,0.750162367,Thursday,4,sweing,False,False
10,0.75,3.94,0.0,1440,0,0.0,0,0,8,1,0.805909091,Wednesday,1,finishing,False,False
10,0.7,3.94,0.0,1440,0,0.0,0,0,8,1,0.235795455,Sunday,3,finishing,False,False
8,0.7,30.48,914.0,6840,30,0.0,0,1,57,0,0.7005052629999999,Wednesday,2,sweing,False,False
5,0.35,3.94,0.0,2400,0,0.0,0,0,10,0,0.80575,Saturday,1,finishing,False,False
12,0.8,4.6,0.0,2160,0,0.0,0,0,9,0,0.922839506,Wednesday,2,finishing,False,False
11,0.7,20.55,9792.0,6480,60,0.0,0,0,54,0,0.700398148,Monday,1,sweing,False,False
10,0.75,2.9,0.0,960,0,0.0,0,0,8,0,0.6283333329999999,Wednesday,2,finishing,False,False
9,0.8,2.9,0.0,960,0,0.0,0,0,8,0,0.3715625,Monday,4,finishing,False,False
3,0.5,5.13,0.0,1800,0,0.0,0,0,15,0,0.8721,Sunday,4,finishing,False,False
3,0.8,19.87,857.0,9900,50,0.0,0,0,55,0,0.8002738290000001,Thursday,2,sweing,False,False
2,0.4,15.28,157.0,5400,0,6.5,30,1,45,0,0.30277037,Tuesday,1,sweing,True,True
12,0.8,4.08,0.0,1080,0,0.0,0,0,9,0,0.8915555559999999,Sunday,2,finishing,False,False
10,0.8,3.94,0.0,2400,0,0.0,0,0,20,0,0.955791667,Monday,4,finishing,False,False
4,0.75,3.94,0.0,960,0,0.0,0,0,8,0,0.881575,Tuesday,2,finishing,False,False
8,0.8,2.9,0.0,1440,0,0.0,0,0,8,1,0.667329545,Wednesday,2,finishing,False,False
4,0.8,30.1,901.0,6480,50,0.0,0,1,59,0,0.800071839,Tuesday,4,sweing,False,False
1,0.6,22.53,708.0,5040,0,0.0,0,1,42,0,0.268214286,Tuesday,4,sweing,False,False
4,0.7,22.52,983.0,10260,63,0.0,0,0,57,0,0.750068049,Tuesday,3,sweing,False,False
12,0.8,15.26,1064.0,4080,63,0.0,0,0,34,0,0.8004019609999999,Sunday,2,sweing,False,False
5,0.7,27.48,541.0,6960,24,0.0,0,1,58,0,0.408960345,Saturday,1,sweing,False,False
3,0.75,22.52,1584.0,10260,69,0.0,0,0,57,0,0.80035194,Monday,4,sweing,False,False
3,0.8,3.94,0.0,960,0,0.0,0,0,8,1,0.4925,Thursday,5,finishing,False,False
5,0.6,20.79,1045.0,6960,88,0.0,0,0,58,0,0.800534483,Wednesday,4,sweing,False,False
2,0.8,51.02,1086.0,4260,27,0.0,0,0,57,0,0.311207464,Wednesday,2,sweing,False,False
5,0.65,4.15,0.0,1440,0,0.0,0,0,8,1,0.809564394,Monday,2,finishing,False,False
12,0.6,4.08,0.0,5400,0,0.0,0,0,9,1,0.327407407,Thursday,4,finishing,False,False
6,0.8,2.9,0.0,960,0,0.0,0,0,8,0,0.3715625,Monday,4,finishing,False,False
2,0.7,3.9,0.0,0,1200,0.0,0,0,10,0,0.6825,Monday,2,finishing,False,False
7,0.7,24.26,1471.0,6960,0,0.0,0,0,58,0,0.7006120690000001,Wednesday,1,sweing,False,False
4,0.5,26.66,556.0,6960,23,0.0,0,2,58,0,0.500258046,Saturday,4,sweing,False,False
11,0.35,11.41,434.0,3240,0,0.0,0,1,52,0,0.507903226,Wednesday,2,sweing,False,False
4,0.5,30.1,417.0,6360,23,0.0,0,1,53,0,0.500720126,Thursday,1,sweing,False,False
2,0.7,16.1,928.0,4800,30,0.0,0,1,45,0,0.700106061,Sunday,2,sweing,False,False
1,0.7,3.94,0.0,1440,0,0.0,0,0,8,1,0.578314394,Saturday,4,finishing,False,False
6,0.8,2.9,0.0,960,0,0.0,0,0,8,0,0.773333333,Monday,3,finishing,False,False
8,0.7,29.4,1079.0,4560,40,0.0,0,2,58,0,0.7005185190000001,Tuesday,4,sweing,False,False
7,0.75,30.1,739.0,5640,45,0.0,0,1,59,0,0.7507273259999999,Tuesday,4,sweing,False,False
8,0.8,2.9,0.0,960,0,0.0,0,0,8,1,0.6283333329999999,Saturday,1,finishing,False,False
7,0.7,24.26,658.0,6960,0,270.0,45,0,58,0,0.662270115,Saturday,1,sweing,True,True
4,0.8,4.3,0.0,1440,0,0.0,0,0,12,1,0.5375,Tuesday,1,finishing,False,False
10,0.75,3.94,0.0,8400,0,0.0,0,0,14,1,0.940701058,Thursday,4,finishing,False,False
12,0.75,15.26,1316.0,6120,40,0.0,0,0,34,0,0.750079323,Saturday,4,sweing,False,False
4,0.65,22.52,872.0,10080,26,0.0,0,0,56,0,0.650130952,Thursday,3,sweing,False,False
2,0.8,3.94,0.0,1440,0,0.0,0,0,8,1,0.8133712120000001,Wednesday,1,finishing,False,False
5,0.7,20.4,1382.0,10440,50,0.0,0,0,58,0,0.7002507840000001,Saturday,4,sweing,False,False
2,0.5,30.33,838.0,6720,0,0.0,0,1,56,0,0.361071429,Tuesday,3,sweing,False,False
1,0.7,22.94,1472.0,10260,75,0.0,0,0,57,0,0.800643806,Saturday,4,sweing,False,False
8,0.7,4.15,0.0,960,0,0.0,0,0,8,1,0.976979167,Tuesday,1,finishing,False,False
7,0.8,2.9,0.0,1440,0,0.0,0,0,8,1,0.670075758,Saturday,2,finishing,False,False
9,0.8,26.16,1227.0,7080,75,0.0,0,0,59,0,0.850569492,Monday,1,sweing,False,False
11,0.7,4.15,0.0,1440,0,0.0,0,0,12,0,0.436326389,Thursday,1,finishing,False,False
2,0.5,22.94,1044.0,9810,23,0.0,0,0,55,0,0.499998888,Thursday,3,sweing,False,False
2,0.8,3.94,0.0,2640,0,0.0,0,0,22,0,0.999924242,Thursday,1,finishing,False,False
8,0.65,3.94,0.0,960,0,0.0,0,0,8,1,0.845458333,Tuesday,4,finishing,False,False
8,0.7,5.13,0.0,960,0,0.0,0,0,8,0,0.930416667,Monday,4,finishing,False,False
6,0.8,11.61,1181.0,5760,63,0.0,0,0,32,0,0.8003863640000001,Sunday,4,sweing,False,False
5,0.6,26.82,919.0,7080,23,0.0,0,1,59,0,0.6000406779999999,Monday,2,sweing,False,False
9,0.75,3.94,0.0,240,0,0.0,0,0,2,1,0.971866667,Saturday,5,finishing,False,False
9,0.65,18.79,2120.0,5520,0,0.0,0,1,51,0,0.650134,Tuesday,3,sweing,False,False
9,0.8,26.16,1232.0,10620,75,0.0,0,0,59,0,0.850502311,Wednesday,2,sweing,False,False
4,0.75,5.13,0.0,960,0,0.0,0,0,8,0,0.734645833,Wednesday,3,finishing,False,False
6,0.8,11.61,1004.0,5670,50,0.0,0,0,32,0,0.8002467529999999,Tuesday,2,sweing,False,False
2,0.65,22.94,1025.0,10170,26,0.0,0,0,57,0,0.6502434970000001,Sunday,3,sweing,False,False
2,0.8,28.08,776.0,10350,63,0.0,0,0,58,0,0.800594466,Wednesday,1,sweing,False,False
8,0.6,15.09,1519.0,360,23,0.0,0,0,52,0,0.600143365,Monday,4,sweing,False,False
11,0.75,10.05,629.0,3240,45,0.0,0,0,27,0,0.750027778,Sunday,2,sweing,False,False
8,0.8,29.4,30.0,6840,0,0.0,0,0,57,0,0.433263158,Wednesday,1,sweing,False,False
6,0.8,2.9,0.0,4320,0,0.0,0,0,18,0,0.785864198,Thursday,3,finishing,False,False
1,0.8,3.94,0.0,1200,0,0.0,0,0,10,1,0.99485,Tuesday,1,finishing,False,False
2,0.7,22.94,1363.0,10260,50,0.0,0,0,57,0,0.7500318979999999,Tuesday,3,sweing,False,False
4,0.75,22.52,727.0,10260,94,0.0,0,0,57,0,0.9003211059999999,Saturday,4,sweing,False,False
5,0.65,20.4,1255.0,8280,35,0.0,0,0,58,0,0.650066445,Monday,3,sweing,False,False
8,0.65,30.48,953.0,6720,26,0.0,0,1,56,0,0.650421429,Monday,2,sweing,False,False
8,0.65,30.1,1193.0,7080,0,0.0,0,1,59,0,0.463403955,Thursday,2,sweing,False,False
4,0.75,5.13,0.0,1920,0,0.0,0,0,8,0,0.6840277779999999,Thursday,3,finishing,False,False
7,0.75,30.1,553.0,2280,45,0.0,0,1,59,0,0.75053268,Wednesday,3,sweing,False,False
4,0.6,22.4,816.0,5100,23,0.0,0,0,57,0,0.6003696860000001,Wednesday,2,sweing,False,False
9,0.8,29.12,1263.0,2160,38,0.0,0,0,58,0,0.8008,Tuesday,2,sweing,False,False
2,0.7,30.33,577.0,2160,30,0.0,0,1,58,0,0.700623,Monday,4,sweing,False,False
7,0.5,30.48,1161.0,6600,0,0.0,0,1,55,0,0.5006109089999999,Monday,2,sweing,False,False
9,0.8,3.94,0.0,960,0,0.0,0,0,8,0,0.586041667,Tuesday,3,finishing,False,False
12,0.8,15.26,1120.0,1440,50,0.0,0,0,34,0,0.8008063059999999,Sunday,3,sweing,False,False
3,0.7,22.52,1134.0,8460,50,0.0,0,0,57,0,0.750037968,Tuesday,3,sweing,False,False
8,0.8,2.9,0.0,1440,0,0.0,0,0,8,1,0.683806818,Monday,3,finishing,False,False
5,0.7,27.48,586.0,6960,40,0.0,0,0,58,0,0.7004241379999999,Wednesday,1,sweing,False,False
1,0.8,3.94,0.0,1440,0,0.0,0,0,8,1,0.8842613640000001,Thursday,3,finishing,False,False
6,0.75,18.79,1193.0,3960,45,0.0,0,0,33,0,0.75065101,Sunday,1,sweing,False,False
9,0.8,3.94,0.0,960,0,0.0,0,0,8,0,0.2380416669999999,Saturday,2,finishing,False,False
11,0.8,11.41,455.0,3420,50,0.0,0,0,56,0,0.8007017540000001,Thursday,1,sweing,False,False
10,0.75,2.9,0.0,960,0,0.0,0,0,8,1,0.763375,Monday,1,finishing,False,False
5,0.75,30.1,664.0,7140,56,0.0,0,0,59,0,0.7503921570000001,Saturday,2,sweing,False,False
2,0.8,3.94,0.0,960,0,0.0,0,0,8,1,0.804416667,Monday,1,finishing,False,False
11,0.7,4.15,0.0,1440,0,0.0,0,0,8,1,0.409545455,Monday,3,finishing,False,False
12,0.8,11.61,1037.0,7200,50,0.0,0,0,32,0,0.8002460109999999,Monday,1,sweing,False,False
2,0.7,22.94,1006.0,10170,38,0.0,0,0,57,0,0.750517565,Monday,3,sweing,False,False
4,0.7,3.94,0.0,960,0,0.0,0,0,8,0,0.812625,Thursday,1,finishing,False,False
7,0.8,25.9,1035.0,10170,38,0.0,0,0,57,0,0.800128721,Tuesday,1,sweing,False,False
8,0.6,29.4,179.0,0,23,5.0,30,2,58,0,0.600982906,Tuesday,3,sweing,True,True
7,0.7,24.26,1400.0,6720,0,0.0,0,0,56,0,0.411553571,Sunday,1,sweing,False,False
1,0.8,22.52,1445.0,6840,113,0.0,0,0,57,0,1.000230409,Tuesday,3,sweing,False,False
11,0.8,11.41,471.0,3420,50,0.0,0,0,58,0,0.800034503,Saturday,1,sweing,False,False
8,0.8,2.9,0.0,1440,0,0.0,0,0,8,1,0.675568182,Saturday,3,finishing,False,False
3,0.8,30.1,735.0,6960,63,0.0,0,1,58,0,0.800071839,Wednesday,2,sweing,False,False
1,0.8,26.16,1160.0,10620,75,0.0,0,0,59,0,0.850502311,Thursday,3,sweing,False,False
7,0.7,3.94,0.0,1200,0,0.0,0,0,10,1,0.971866667,Saturday,5,finishing,False,False
10,0.8,3.94,0.0,1200,0,0.0,0,0,10,1,0.85695,Thursday,5,finishing,False,False
7,0.6,30.1,829.0,3360,23,0.0,0,1,58,0,0.6000705129999999,Wednesday,2,sweing,False,False
6,0.7,23.41,1128.0,4560,40,0.0,0,1,38,0,0.7002464909999999,Wednesday,2,sweing,False,False
2,0.8,28.08,716.0,10350,50,0.0,0,0,58,0,0.800594466,Tuesday,1,sweing,False,False
9,0.8,3.94,0.0,960,0,0.0,0,0,8,1,0.931645833,Sunday,1,finishing,False,False
3,0.75,29.4,1244.0,6840,45,0.0,0,2,57,0,0.750473684,Thursday,4,sweing,False,False
11,0.65,11.41,700.0,2640,23,0.0,0,2,53,0,0.650223718,Sunday,3,sweing,False,False
1,0.8,22.52,265.0,3840,63,0.0,0,0,57,0,0.8004705129999999,Thursday,3,sweing,False,False
6,0.8,2.9,0.0,960,0,0.0,0,0,8,0,0.8319375,Sunday,4,finishing,False,False
2,0.8,22.52,1512.0,0,88,0.0,0,0,57,0,0.8999840579999999,Tuesday,2,sweing,False,False
10,0.7,21.82,1313.0,5040,30,0.0,0,0,51,0,0.699984417,Tuesday,1,sweing,False,False
11,0.8,4.15,0.0,2700,0,0.0,0,0,15,1,0.888686869,Tuesday,1,finishing,False,False
7,0.8,30.1,786.0,7080,50,0.0,0,2,59,0,0.8001158190000001,Wednesday,4,sweing,False,False
2,0.8,3.94,0.0,3000,0,0.0,0,0,25,0,1.050666667,Saturday,1,finishing,False,False
8,0.7,4.6,0.0,960,0,0.0,0,0,8,0,0.791458333,Tuesday,4,finishing,False,False
6,0.75,18.79,895.0,3960,0,0.0,0,0,33,0,0.75065101,Monday,3,sweing,False,False
9,0.6,18.79,2103.0,5400,0,0.0,0,1,54,0,0.329964879,Monday,3,sweing,False,False
2,0.8,28.08,757.0,6900,50,0.0,0,0,58,0,0.800076522,Monday,1,sweing,False,False
2,0.7,3.94,0.0,5100,0,0.0,0,0,17,1,0.912202112,Wednesday,3,finishing,False,False
7,0.8,30.1,29.0,7080,50,0.0,0,0,59,0,0.8001158190000001,Tuesday,1,sweing,False,False
10,0.7,21.82,1591.0,3240,0,0.0,0,1,52,0,0.700251773,Thursday,4,sweing,False,False
8,0.8,25.9,1434.0,10170,50,0.0,0,0,57,0,0.800128721,Tuesday,3,sweing,False,False
7,0.8,2.9,0.0,1440,0,0.0,0,0,8,1,0.681060606,Thursday,2,finishing,False,False
5,0.7,3.94,0.0,240,0,0.0,0,0,2,1,0.971866667,Saturday,5,finishing,False,False
4,0.8,28.08,878.0,4260,50,0.0,0,0,56,0,0.800598058,Sunday,1,sweing,False,False
7,0.7,30.1,881.0,7080,0,0.0,0,1,59,0,0.700632768,Sunday,3,sweing,False,False
1,0.7,3.94,0.0,1800,0,0.0,0,0,10,1,0.910378788,Monday,4,finishing,False,False
7,0.7,24.26,2698.0,6720,0,0.0,0,0,56,0,0.295307738,Monday,1,sweing,False,False
1,0.8,3.94,0.0,1440,0,0.0,0,0,8,1,0.951420455,Wednesday,1,finishing,False,False
11,0.8,11.61,347.0,0,50,4.0,20,0,57,0,0.6824330359999999,Sunday,1,sweing,True,True
6,0.8,18.79,822.0,4080,0,0.0,0,0,34,0,0.557252451,Saturday,2,sweing,False,False
9,0.8,3.94,0.0,1440,0,0.0,0,0,8,1,0.8581439390000001,Sunday,2,finishing,False,False
2,0.8,22.52,1186.0,6900,113,0.0,0,0,58,0,1.000018551,Saturday,1,sweing,False,False
6,0.5,18.79,717.0,3960,23,0.0,0,0,33,0,0.500117677,Thursday,5,sweing,False,False
2,0.8,3.94,0.0,1440,0,0.0,0,0,8,1,0.8208333329999999,Sunday,2,finishing,False,False
9,0.8,26.16,1196.0,10620,63,0.0,0,0,59,0,0.8001171029999999,Monday,3,sweing,False,False
10,0.7,21.82,1393.0,5640,30,0.0,0,0,52,0,0.700236601,Sunday,1,sweing,False,False
12,0.8,5.13,0.0,1080,0,0.0,0,0,9,0,0.9025,Tuesday,3,finishing,False,False
5,0.5,20.79,1455.0,6960,30,0.0,0,0,58,0,0.500035345,Tuesday,4,sweing,False,False
3,0.75,4.15,0.0,1800,0,0.0,0,0,10,1,0.899166667,Tuesday,1,finishing,False,False
2,0.5,3.9,0.0,960,0,0.0,0,0,8,0,0.5403125,Wednesday,1,finishing,False,False
3,0.8,4.15,0.0,1800,0,0.0,0,0,10,1,0.905454545,Monday,2,finishing,False,False
5,0.7,4.15,0.0,3840,0,0.0,0,0,8,1,0.8213541670000001,Thursday,2,finishing,False,False
12,0.8,4.6,0.0,3780,0,0.0,0,0,9,0,0.590617284,Saturday,4,finishing,False,False
11,0.75,42.97,532.0,10260,40,0.0,0,0,57,0,0.59114168,Sunday,4,sweing,False,False
6,0.6,2.9,0.0,960,0,0.0,0,0,8,0,0.271875,Sunday,2,finishing,False,False
3,0.8,30.1,964.0,5160,50,0.0,0,1,58,0,0.800842424,Monday,2,sweing,False,False
3,0.5,5.13,0.0,2880,0,0.0,0,0,12,0,0.81640625,Thursday,3,finishing,False,False
4,0.7,4.3,0.0,5040,0,0.0,0,0,28,1,0.977272727,Monday,3,finishing,False,False
12,0.8,15.26,1194.0,1700,62,0.0,0,0,34,0,0.800260821,Saturday,4,sweing,False,False
1,0.8,22.52,1374.0,3960,63,0.0,0,0,57,0,0.800279693,Wednesday,3,sweing,False,False
7,0.8,25.9,1138.0,6720,38,0.0,0,0,56,0,0.800125,Saturday,1,sweing,False,False
12,0.8,15.26,12261.0,3600,63,0.0,0,0,35,0,0.8004019609999999,Monday,1,sweing,False,False
1,0.8,28.08,772.0,6300,50,0.0,0,0,57,0,0.800725314,Saturday,1,sweing,False,False
8,0.7,24.26,1363.0,6660,0,0.0,0,0,56,0,0.586465465,Tuesday,1,sweing,False,False
3,0.75,29.4,1144.0,4440,45,0.0,0,2,57,0,0.750716981,Saturday,4,sweing,False,False
4,0.6,26.66,692.0,6840,23,0.0,0,0,57,0,0.6002397660000001,Sunday,1,sweing,False,False
5,0.8,30.1,541.0,7140,38,0.0,0,0,59,0,0.800137255,Monday,4,sweing,False,False
9,0.75,3.94,0.0,1320,0,0.0,0,0,11,1,0.919954545,Tuesday,1,finishing,False,False
5,0.5,27.48,609.0,6840,30,0.0,0,1,57,0,0.550403509,Saturday,4,sweing,False,False
4,0.75,3.94,0.0,0,960,0.0,0,0,8,0,0.7953875,Monday,2,finishing,False,False
2,0.75,19.87,944.0,6600,45,0.0,0,0,55,0,0.75024303,Saturday,1,sweing,False,False
12,0.8,15.26,1094.0,4080,38,0.0,0,0,34,0,0.8004019609999999,Wednesday,1,sweing,False,False
3,0.7,30.1,1422.0,6960,50,0.0,0,1,58,0,0.700603448,Tuesday,3,sweing,False,False
12,0.8,11.61,1063.0,5670,50,0.0,0,0,32,0,0.8002467529999999,Tuesday,2,sweing,False,False
1,0.8,3.94,0.0,1920,0,0.0,0,0,8,1,0.961059028,Monday,1,finishing,False,False
1,0.8,22.94,1582.0,3060,113,0.0,0,0,59,0,1.000402055,Sunday,1,sweing,False,False
1,0.75,3.94,0.0,1200,0,0.0,0,0,10,1,0.853666667,Thursday,5,finishing,False,False
2,0.8,22.52,1416.0,6840,113,0.0,0,0,57,0,1.000230409,Thursday,5,sweing,False,False
2,0.8,22.52,12.0,6900,0,0.0,0,0,58,0,0.432122899,Sunday,3,sweing,False,False
3,0.8,28.08,913.0,6540,50,0.0,0,0,55,0,0.8003229359999999,Saturday,1,sweing,False,False
7,0.8,2.9,0.0,1440,0,0.0,0,0,8,1,0.804640152,Wednesday,1,finishing,False,False
2,0.6,3.9,0.0,960,0,0.0,0,0,8,0,0.950625,Thursday,1,finishing,False,False
4,0.8,50.48,562.0,10440,0,0.0,0,0,58,0,0.473134796,Sunday,2,sweing,False,False
10,0.75,22.52,1250.0,10080,55,0.0,0,0,56,0,0.800020563,Monday,4,sweing,False,False
7,0.7,4.15,0.0,1440,0,0.0,0,0,12,0,0.928680556,Sunday,2,finishing,False,False
5,0.65,4.15,0.0,1440,0,0.0,0,0,8,1,0.8606534090000001,Thursday,3,finishing,False,False
10,0.75,19.31,578.0,6480,45,0.0,0,0,54,0,0.712205247,Thursday,1,sweing,False,False
6,0.75,18.79,947.0,2880,34,0.0,0,0,33,0,0.750797009,Monday,1,sweing,False,False
3,0.8,3.94,0.0,960,0,0.0,0,0,8,1,0.971866667,Saturday,5,finishing,False,False
4,0.75,26.82,1104.0,5880,65,0.0,0,0,59,0,0.850084211,Tuesday,2,sweing,False,False
8,0.7,29.4,1116.0,6240,0,0.0,0,2,57,0,0.7,Thursday,3,sweing,False,False
8,0.8,2.9,0.0,960,0,0.0,0,0,8,1,0.6645833329999999,Monday,1,finishing,False,False
10,0.7,21.25,1583.0,6000,0,0.0,0,1,50,0,0.417916667,Monday,4,sweing,False,False
7,0.8,30.1,834.0,1200,0,4.0,40,0,59,0,0.366053523,Thursday,1,sweing,True,True
10,0.8,22.52,1116.0,6720,93,0.0,0,0,56,0,0.920236905,Saturday,5,sweing,False,False
5,0.35,27.48,413.0,6840,38,0.0,0,1,57,0,0.449964912,Thursday,4,sweing,False,False
8,0.65,15.09,976.0,240,23,0.0,0,0,52,0,0.6503071429999999,Tuesday,4,sweing,False,False
2,0.75,3.9,0.0,1920,0,0.0,0,0,8,0,0.8192708329999999,Wednesday,2,finishing,False,False
7,0.7,30.1,957.0,7200,0,0.0,0,1,60,0,0.602,Saturday,2,sweing,False,False
12,0.75,15.26,1429.0,3600,45,0.0,0,0,35,0,0.7502833329999999,Wednesday,4,sweing,False,False
3,0.8,4.6,0.0,0,1440,0.0,0,0,12,0,0.795416667,Monday,2,finishing,False,False
12,0.7,4.15,0.0,1080,0,0.0,0,0,9,1,0.823555556,Tuesday,4,finishing,False,False
2,0.7,30.33,746.0,6840,0,0.0,0,1,57,0,0.7006052629999999,Sunday,4,sweing,False,False
5,0.8,30.1,450.0,7140,50,0.0,0,0,60,0,0.800137255,Tuesday,4,sweing,False,False
10,0.8,3.94,0.0,960,0,0.0,0,0,8,0,0.64025,Wednesday,3,finishing,False,False
1,0.8,26.16,1138.0,7080,63,0.0,0,0,59,0,0.8003186440000001,Monday,1,sweing,False,False
11,0.35,28.08,749.0,10260,23,0.0,0,0,57,0,0.350066986,Monday,4,sweing,False,False
11,0.8,31.83,568.0,9900,40,0.0,0,0,55,0,0.412119835,Wednesday,1,sweing,False,False
2,0.7,3.9,0.0,960,0,0.0,0,0,8,0,0.741,Tuesday,2,finishing,False,False
10,0.8,3.94,0.0,2400,0,0.0,0,0,10,0,0.7332777779999999,Thursday,3,finishing,False,False
12,0.8,15.26,1103.0,4080,63,0.0,0,0,34,0,0.8004019609999999,Sunday,4,sweing,False,False
6,0.8,11.41,887.0,5490,50,0.0,0,0,31,0,0.8003437659999999,Saturday,2,sweing,False,False
6,0.75,2.9,0.0,960,0,0.0,0,0,8,0,0.4108333329999999,Wednesday,4,finishing,False,False
5,0.8,30.1,450.0,5700,0,4.5,25,0,60,0,0.307501459,Sunday,4,sweing,True,True
10,0.7,22.52,1002.0,10080,40,0.0,0,0,56,0,0.7000941559999999,Sunday,3,sweing,False,False
5,0.7,4.15,0.0,2400,0,0.0,0,0,8,1,0.758173077,Wednesday,3,finishing,False,False
10,0.7,21.82,1251.0,6000,30,0.0,0,0,50,0,0.700422,Saturday,1,sweing,False,False
9,0.75,2.9,0.0,960,0,0.0,0,0,8,0,0.453125,Thursday,1,finishing,False,False
5,0.7,42.41,724.0,10260,0,0.0,0,0,57,0,0.233705476,Thursday,2,sweing,False,False
11,0.8,11.41,313.0,3420,50,0.0,0,0,58,0,0.800034503,Sunday,2,sweing,False,False
12,0.8,15.26,959.0,4080,50,0.0,0,0,34,0,0.8004019609999999,Thursday,1,sweing,False,False
5,0.8,30.1,461.0,0,0,0.0,0,0,59,0,0.800980392,Monday,3,sweing,False,False
2,0.8,22.52,1557.0,0,90,0.0,0,0,58,0,1.000344928,Wednesday,2,sweing,False,False
11,0.8,4.15,0.0,1440,0,0.0,0,0,8,1,0.601278409,Tuesday,2,finishing,False,False
11,0.75,2.9,0.0,5640,0,0.0,0,0,17,1,0.987880435,Saturday,1,finishing,False,False
8,0.65,4.15,0.0,960,0,0.0,0,0,8,1,0.553333333,Wednesday,4,finishing,False,False
7,0.7,3.94,0.0,1200,0,0.0,0,0,10,0,0.715766667,Saturday,1,finishing,False,False
12,0.8,4.6,0.0,1080,0,0.0,0,0,9,0,0.92,Tuesday,2,finishing,False,False
11,0.8,11.41,338.0,3420,50,0.0,0,0,58,0,0.800034503,Tuesday,2,sweing,False,False
2,0.65,3.9,0.0,1920,0,0.0,0,0,8,0,0.528125,Saturday,1,finishing,False,False
1,0.35,26.66,1164.0,6600,23,0.0,0,2,55,0,0.378895152,Thursday,4,sweing,False,False
9,0.8,26.16,1093.0,10620,75,0.0,0,0,59,0,0.850502311,Monday,2,sweing,False,False
12,0.8,15.26,1132.0,4080,63,0.0,0,0,34,0,0.8004019609999999,Monday,2,sweing,False,False
4,0.8,3.94,0.0,12600,0,0.0,0,0,20,1,0.919905405,Thursday,2,finishing,False,False
5,0.7,20.79,1297.0,10440,0,0.0,0,0,58,0,0.526810345,Tuesday,2,sweing,False,False
2,0.8,3.94,0.0,2160,0,0.0,0,0,18,0,1.057962963,Monday,2,finishing,False,False
9,0.8,3.94,0.0,960,0,0.0,0,0,8,0,0.656666667,Thursday,2,finishing,False,False
5,0.7,30.1,687.0,7500,0,0.0,0,0,59,0,0.545657673,Saturday,1,sweing,False,False
7,0.8,25.9,1150.0,10170,70,0.0,0,0,57,0,0.900144811,Wednesday,2,sweing,False,False
5,0.75,4.15,0.0,240,0,0.0,0,0,2,0,0.760833333,Sunday,3,finishing,False,False
12,0.8,15.26,1029.0,2040,50,0.0,0,0,35,0,0.800259023,Tuesday,1,sweing,False,False
8,0.65,4.15,0.0,960,0,0.0,0,0,8,1,0.877552083,Thursday,5,finishing,False,False
12,0.8,4.08,0.0,1080,0,0.0,0,0,9,0,0.899111111,Saturday,1,finishing,False,False
9,0.75,18.79,1085.0,6240,56,0.0,0,1,52,0,0.970816667,Wednesday,4,sweing,False,False
8,0.7,30.1,7.0,7080,27,2.0,10,2,59,0,0.621971751,Monday,3,sweing,True,True
9,0.8,3.94,0.0,1440,0,0.0,0,0,8,1,0.8581439390000001,Tuesday,1,finishing,False,False
12,0.75,4.08,0.0,1080,0,0.0,0,0,9,1,0.6346666670000001,Thursday,5,finishing,False,False
7,0.8,4.6,0.0,3360,0,0.0,0,0,8,0,0.350416667,Sunday,1,finishing,False,False
10,0.6,22.52,1076.0,10170,23,0.0,0,0,57,0,0.600291767,Thursday,3,sweing,False,False
4,0.75,5.13,0.0,960,0,0.0,0,0,8,0,0.656666667,Tuesday,3,finishing,False,False
12,0.8,15.26,1065.0,4080,63,0.0,0,0,34,0,0.8004019609999999,Thursday,4,sweing,False,False
4,0.75,4.3,0.0,2160,0,0.0,0,0,12,1,0.963699495,Monday,4,finishing,False,False
5,0.65,4.15,0.0,2700,0,0.0,0,0,15,1,0.98719697,Saturday,3,finishing,False,False
3,0.5,22.52,1102.0,10170,30,0.0,0,0,57,0,0.660683293,Thursday,3,sweing,False,False
8,0.7,30.48,923.0,6840,30,0.0,0,1,57,0,0.7005052629999999,Tuesday,2,sweing,False,False
4,0.75,26.82,1079.0,7020,65,0.0,0,0,58,0,0.850446154,Monday,2,sweing,False,False
12,0.8,15.26,1026.0,2880,63,0.0,0,0,34,0,0.8003552079999999,Sunday,2,sweing,False,False
11,0.65,12.52,1004.0,9540,44,0.0,0,0,53,0,0.64998056,Monday,2,sweing,False,False
11,0.5,2.9,0.0,960,0,0.0,0,0,8,1,0.259375,Wednesday,4,finishing,False,False
11,0.7,11.41,653.0,3480,30,0.0,0,2,58,0,0.7005404409999999,Thursday,3,sweing,False,False
2,0.8,3.94,0.0,1800,0,0.0,0,0,15,1,0.902222222,Wednesday,4,finishing,False,False
1,0.8,3.94,0.0,1440,0,0.0,0,0,8,1,0.955151515,Monday,2,finishing,False,False
8,0.7,4.15,0.0,960,0,0.0,0,0,8,0,0.605208333,Sunday,3,finishing,False,False
8,0.35,4.15,0.0,1440,0,0.0,0,0,12,0,0.994375,Wednesday,2,finishing,False,False
1,0.8,3.94,0.0,1200,0,0.0,0,0,10,0,0.893066667,Sunday,2,finishing,False,False
12,0.8,4.6,0.0,1800,0,0.0,0,0,15,0,0.8995555559999999,Wednesday,4,finishing,False,False
4,0.8,4.3,0.0,1440,0,0.0,0,0,12,1,0.8450694440000001,Sunday,1,finishing,False,False
7,0.7,30.1,784.0,600,30,0.0,0,1,59,0,0.7004598890000001,Monday,3,sweing,False,False
11,0.75,4.15,0.0,960,0,0.0,0,0,8,1,0.3458333329999999,Sunday,1,finishing,False,False
6,0.8,11.61,1084.0,4950,38,0.0,0,0,32,0,0.80003139,Thursday,3,sweing,False,False
9,0.8,3.94,0.0,1800,0,0.0,0,0,10,1,0.964106061,Monday,3,finishing,False,False
12,0.8,4.6,0.0,1080,0,0.0,0,0,9,0,0.945555556,Sunday,2,finishing,False,False
2,0.8,22.52,1396.0,6900,113,0.0,0,0,58,0,1.0006713040000002,Sunday,1,sweing,False,False
3,0.75,28.08,795.0,6900,45,0.0,0,0,58,0,0.753683478,Thursday,1,sweing,False,False
7,0.65,22.52,1295.0,10170,26,0.0,0,0,57,0,0.650416734,Saturday,4,sweing,False,False
10,0.75,3.94,0.0,1440,0,0.0,0,0,8,1,0.8096401520000001,Tuesday,1,finishing,False,False
1,0.6,26.66,1578.0,6840,38,0.0,0,0,57,0,0.700019883,Sunday,1,sweing,False,False
9,0.8,3.94,0.0,1440,0,0.0,0,0,8,1,0.8581439390000001,Tuesday,2,finishing,False,False
2,0.8,3.94,0.0,1440,0,0.0,0,0,8,1,0.880530303,Monday,2,finishing,False,False
4,0.7,3.94,0.0,960,0,0.0,0,0,8,0,0.664875,Saturday,1,finishing,False,False
4,0.8,22.52,340.0,5460,63,0.0,0,0,57,0,0.800434622,Tuesday,1,sweing,False,False
5,0.7,20.4,1404.0,10440,50,0.0,0,0,58,0,0.750344828,Wednesday,3,sweing,False,False
6,0.8,2.9,0.0,900,0,0.0,0,0,5,1,0.465757576,Saturday,3,finishing,False,False
10,0.7,2.9,0.0,960,0,0.0,0,0,8,0,0.441041667,Sunday,2,finishing,False,False
11,0.8,4.15,0.0,1260,0,0.0,0,0,7,1,0.313852814,Saturday,3,finishing,False,False
2,0.8,3.94,0.0,1260,0,0.0,0,0,8,1,0.247316017,Wednesday,2,finishing,False,False
12,0.8,4.08,0.0,1080,0,0.0,0,0,9,0,0.838666667,Thursday,2,finishing,False,False
8,0.75,4.6,0.0,3360,0,0.0,0,0,8,0,0.8136111109999999,Sunday,1,finishing,False,False
4,0.75,4.3,0.0,2160,0,0.0,0,0,12,1,0.651515152,Saturday,4,finishing,False,False
6,0.75,2.9,0.0,960,0,0.0,0,0,8,0,0.610208333,Sunday,2,finishing,False,False
9,0.7,29.12,1170.0,6960,53,0.0,0,0,58,0,0.850170115,Thursday,5,sweing,False,False
10,0.7,21.82,1576.0,6000,30,0.0,0,0,50,0,0.700422,Monday,2,sweing,False,False
7,0.8,25.9,1050.0,10170,60,0.0,0,0,57,0,0.850136766,Thursday,2,sweing,False,False
5,0.7,3.94,0.0,1440,0,0.0,0,0,12,0,0.75885,Wednesday,2,finishing,False,False
1,0.8,3.94,0.0,1440,0,0.0,0,0,12,0,0.7962083329999999,Saturday,2,finishing,False,False
8,0.5,30.1,1061.0,6960,30,0.0,0,1,58,0,0.393548851,Tuesday,2,sweing,False,False
6,0.8,2.9,0.0,1440,0,0.0,0,0,8,1,0.597348485,Sunday,2,finishing,False,False
11,0.6,11.41,1039.0,2280,23,0.0,0,2,55,0,0.600447507,Saturday,2,sweing,False,False
9,0.8,29.12,1073.0,6960,50,0.0,0,0,58,0,0.7999632179999999,Monday,2,sweing,False,False
2,0.8,22.52,1559.0,6840,90,0.0,0,0,57,0,1.000230409,Wednesday,4,sweing,False,False
8,0.7,5.13,0.0,960,0,0.0,0,0,8,0,0.58,Wednesday,3,finishing,False,False
3,0.8,19.87,963.0,9900,50,0.0,0,0,55,0,0.8002738290000001,Tuesday,1,sweing,False,False
12,0.7,4.08,0.0,1620,0,0.0,0,0,9,1,0.769292929,Monday,4,finishing,False,False
2,0.8,28.08,737.0,10530,63,0.0,0,0,59,0,0.8,Monday,2,sweing,False,False
10,0.5,22.4,947.0,3390,23,0.0,0,0,57,0,0.4999803339999999,Wednesday,2,sweing,False,False
1,0.8,3.94,0.0,1200,0,0.0,0,0,10,0,0.870083333,Saturday,1,finishing,False,False
10,0.8,3.94,0.0,1200,0,0.0,0,0,10,1,0.8865,Sunday,1,finishing,False,False
8,0.8,2.9,0.0,2400,0,0.0,0,0,8,1,0.594871795,Wednesday,3,finishing,False,False
9,0.8,29.12,909.0,6960,50,0.0,0,0,58,0,0.7999632179999999,Sunday,2,sweing,False,False
7,0.7,5.13,0.0,960,0,0.0,0,0,8,0,0.3564583329999999,Monday,4,finishing,False,False
1,0.8,22.52,1615.0,6780,88,0.0,0,0,57,0,0.900135693,Sunday,2,sweing,False,False
1,0.8,3.94,0.0,1200,0,0.0,0,0,10,0,0.962016667,Monday,2,finishing,False,False
1,0.5,3.94,0.0,3360,0,0.0,0,0,8,0,0.768847222,Saturday,4,finishing,False,False
8,0.7,38.09,336.0,6240,0,0.0,0,0,52,0,0.4676932689999999,Wednesday,4,sweing,False,False
4,0.8,3.94,0.0,3600,0,0.0,0,0,20,1,0.925643939,Sunday,2,finishing,False,False
2,0.8,3.94,0.0,1440,0,0.0,0,0,8,1,0.8171022729999999,Saturday,2,finishing,False,False
11,0.75,10.05,103.0,0,45,0.0,0,0,54,0,0.750648148,Monday,2,sweing,False,False
7,0.6,23.54,958.0,6600,0,0.0,0,0,55,0,0.285333333,Wednesday,4,sweing,False,False
11,0.8,2.9,0.0,2400,0,0.0,0,0,10,0,0.874027778,Wednesday,2,finishing,False,False
8,0.8,25.9,1177.0,8970,60,0.0,0,0,57,0,0.8504156279999999,Thursday,3,sweing,False,False
4,0.35,4.3,0.0,2700,0,0.0,0,0,8,1,0.908080808,Wednesday,2,finishing,False,False
4,0.8,3.94,0.0,6000,0,0.0,0,0,20,1,0.911589744,Saturday,2,finishing,False,False
4,0.8,22.52,1106.0,6780,60,0.0,0,0,57,0,0.850312684,Tuesday,4,sweing,False,False
5,0.8,4.6,0.0,7560,0,0.0,0,0,18,0,0.921604938,Saturday,4,finishing,False,False
6,0.8,11.61,1072.0,5760,50,0.0,0,0,32,0,0.8003863640000001,Monday,4,sweing,False,False
11,0.8,11.61,1005.0,7080,50,0.0,0,0,30,0,0.8002372879999999,Saturday,1,sweing,False,False
3,0.8,19.87,941.0,9900,0,0.0,0,0,55,0,0.8002738290000001,Monday,2,sweing,False,False
1,0.75,3.94,0.0,0,960,0.0,0,0,8,0,0.794566667,Monday,2,finishing,False,False
11,0.65,3.94,0.0,600,0,0.0,0,0,5,1,0.971866667,Saturday,5,finishing,False,False
10,0.75,3.94,0.0,3780,0,0.0,0,0,21,1,0.997792208,Monday,4,finishing,False,False
7,0.7,24.26,148.0,6960,0,0.0,0,0,58,0,0.3555344829999999,Sunday,2,sweing,False,False
2,0.7,16.1,957.0,5400,40,0.0,0,1,45,0,0.700051852,Tuesday,2,sweing,False,False
5,0.65,27.48,544.0,6720,34,0.0,0,0,56,0,0.7009035709999999,Monday,1,sweing,False,False
6,0.75,2.9,0.0,960,0,0.0,0,0,8,0,0.6283333329999999,Tuesday,2,finishing,False,False
6,0.8,11.61,916.0,5760,75,0.0,0,0,89,0,0.850410511,Wednesday,3,sweing,False,False
1,0.75,22.94,1871.0,6960,55,0.0,0,0,58,0,0.800263218,Tuesday,4,sweing,False,False
3,0.8,22.52,1063.0,6840,100,0.0,0,0,57,0,0.950185965,Thursday,1,sweing,False,False
4,0.75,30.1,481.0,7140,0,0.0,0,1,59,0,0.7503921570000001,Saturday,2,sweing,False,False
9,0.75,18.79,290.0,5040,45,0.0,0,0,52,0,0.750347333,Wednesday,2,sweing,False,False
10,0.8,22.52,1142.0,6720,88,0.0,0,0,56,0,0.900129762,Saturday,1,sweing,False,False
7,0.8,4.6,0.0,6000,0,0.0,0,0,25,0,0.825444444,Saturday,1,finishing,False,False
10,0.7,4.15,0.0,960,0,0.0,0,0,8,1,0.7018125,Saturday,1,finishing,False,False
7,0.8,3.94,0.0,960,0,0.0,0,0,8,1,0.676666667,Monday,1,finishing,False,False
3,0.8,4.6,0.0,1800,0,0.0,0,0,15,0,0.810111111,Thursday,1,finishing,False,False
2,0.7,30.33,408.0,1680,30,0.0,0,1,59,0,0.700623,Tuesday,4,sweing,False,False
9,0.6,3.94,0.0,1440,0,0.0,0,0,8,1,0.261174242,Saturday,4,finishing,False,False
8,0.8,2.9,0.0,1620,0,0.0,0,0,9,1,0.910521886,Saturday,4,finishing,False,False
8,0.8,2.9,0.0,1440,0,0.0,0,0,8,1,0.639867424,Tuesday,3,finishing,False,False
1,0.75,26.82,1322.0,7140,65,0.0,0,0,59,0,0.8504268909999999,Monday,2,sweing,False,False
7,0.65,3.94,0.0,2520,0,0.0,0,0,14,1,0.749188312,Sunday,4,finishing,False,False
5,0.7,50.89,282.0,5880,56,0.0,0,0,59,0,0.656763743,Saturday,5,sweing,False,False
2,0.75,3.94,0.0,1440,0,0.0,0,0,8,1,0.578314394,Saturday,4,finishing,False,False
12,0.8,4.08,0.0,1080,0,0.0,0,0,9,0,1.02,Wednesday,2,finishing,False,False
9,0.75,18.79,1239.0,5640,45,0.0,0,0,52,0,0.750371895,Sunday,2,sweing,False,False
6,0.6,2.9,0.0,1200,0,0.0,0,0,10,1,0.314166667,Sunday,1,finishing,False,False
8,0.8,26.16,1108.0,7080,98,0.0,0,0,59,0,0.940725424,Thursday,1,sweing,False,False
9,0.8,3.94,0.0,960,0,0.0,0,0,8,0,0.7715833329999999,Saturday,1,finishing,False,False
4,0.35,4.3,0.0,3240,0,0.0,0,0,18,1,0.942213805,Monday,2,finishing,False,False
12,0.8,11.61,548.0,15120,63,0.0,0,0,32,0,0.800107143,Thursday,2,sweing,False,False
10,0.7,21.82,1334.0,5760,30,0.0,0,0,53,0,0.700058333,Wednesday,1,sweing,False,False
11,0.7,27.13,530.0,9540,37,0.0,0,0,53,0,0.582301029,Tuesday,2,sweing,False,False
6,0.8,11.41,1140.0,5490,63,0.0,0,0,31,0,0.8003437659999999,Sunday,3,sweing,False,False
1,0.8,3.94,0.0,1200,0,0.0,0,0,10,0,0.929183333,Wednesday,1,finishing,False,False
9,0.75,2.9,0.0,1800,0,0.0,0,0,15,0,0.505888889,Wednesday,2,finishing,False,False
2,0.8,22.52,1263.0,6900,100,0.0,0,0,58,0,1.05028058,Wednesday,1,sweing,False,False
5,0.65,4.15,0.0,1440,0,0.0,0,0,15,1,0.864583333,Wednesday,2,finishing,False,False
5,0.75,30.1,855.0,7020,45,0.0,0,0,58,0,0.750356125,Tuesday,2,sweing,False,False
1,0.8,3.94,0.0,1440,0,0.0,0,0,8,1,0.947689394,Thursday,2,finishing,False,False
7,0.8,48.84,1040.0,10260,30,0.0,0,0,57,0,0.576460393,Monday,3,sweing,False,False
9,0.75,2.9,0.0,960,0,0.0,0,0,8,0,0.4078125,Saturday,4,finishing,False,False
11,0.75,19.31,513.0,6480,45,0.0,0,0,54,0,0.7503484570000001,Sunday,1,sweing,False,False
4,0.7,22.52,882.0,10170,50,0.0,0,0,57,0,0.7005416999999999,Sunday,3,sweing,False,False
7,0.7,3.94,0.0,960,0,0.0,0,0,8,0,0.779791667,Wednesday,1,finishing,False,False
7,0.8,30.1,934.0,6960,0,3.5,15,0,58,0,0.579511494,Sunday,1,sweing,True,True
3,0.8,4.6,0.0,1440,0,0.0,0,0,12,0,0.8113888890000001,Tuesday,4,finishing,False,False
4,0.8,30.1,922.0,5820,63,0.0,0,1,59,0,0.80000295,Sunday,4,sweing,False,False
5,0.7,20.4,1480.0,10440,40,0.0,0,0,58,0,0.7002507840000001,Thursday,4,sweing,False,False
3,0.8,22.52,1124.0,6840,100,0.0,0,0,57,0,0.950185965,Sunday,1,sweing,False,False
4,0.8,22.52,1444.0,6900,88,0.0,0,0,58,0,0.9008,Thursday,5,sweing,False,False
1,0.8,26.16,1335.0,10620,63,0.0,0,0,59,0,0.8001171029999999,Saturday,2,sweing,False,False
8,0.7,4.15,0.0,960,0,0.0,0,0,8,0,0.725625,Saturday,2,finishing,False,False
12,0.8,15.26,1095.0,4080,63,0.0,0,0,34,0,0.8004019609999999,Wednesday,3,sweing,False,False
10,0.7,21.25,1531.0,6000,0,0.0,0,1,50,0,0.456875,Sunday,4,sweing,False,False
11,0.75,19.31,590.0,9900,45,0.0,0,0,55,0,0.7500578509999999,Tuesday,1,sweing,False,False
3,0.7,30.1,1041.0,8160,33,0.0,0,2,58,0,0.6265777779999999,Sunday,4,sweing,False,False
2,0.8,22.52,1300.0,6780,113,0.0,0,0,57,0,1.000446018,Thursday,1,sweing,False,False
3,0.75,3.94,0.0,1440,0,0.0,0,0,8,1,0.895454545,Saturday,4,finishing,False,False
6,0.75,18.79,1003.0,3960,45,0.0,0,1,33,0,0.75065101,Wednesday,4,sweing,False,False
8,0.65,4.15,0.0,960,0,0.0,0,0,8,1,1.0115625,Sunday,1,finishing,False,False
10,0.8,22.52,1175.0,6720,60,0.0,0,0,56,0,0.850532143,Wednesday,4,sweing,False,False
3,0.8,30.1,1278.0,3360,50,0.0,0,1,57,0,0.8005110679999999,Sunday,2,sweing,False,False
9,0.8,3.94,0.0,960,0,0.0,0,0,8,0,0.54175,Wednesday,2,finishing,False,False
2,0.4,3.9,0.0,6300,0,0.0,0,0,15,0,0.567377778,Tuesday,1,finishing,False,False
12,0.8,4.6,0.0,1080,0,0.0,0,0,9,0,0.885925926,Wednesday,1,finishing,False,False
11,0.5,12.52,749.0,9540,38,0.0,0,0,53,0,0.673245283,Saturday,2,sweing,False,False
2,0.8,5.13,0.0,960,0,0.0,0,0,8,0,0.36871875,Monday,4,finishing,False,False
9,0.8,3.94,0.0,1440,0,0.0,0,0,8,1,0.8581439390000001,Wednesday,2,finishing,False,False
11,0.8,11.41,601.0,0,50,0.0,0,0,56,0,0.8007017540000001,Tuesday,1,sweing,False,False
9,0.7,18.79,1068.0,3000,30,0.0,0,1,52,0,0.700256795,Tuesday,4,sweing,False,False
9,0.8,54.56,757.0,4140,29,0.0,0,0,58,0,0.520237649,Wednesday,3,sweing,False,False
9,0.75,2.9,0.0,0,3600,0.0,0,0,15,0,0.841,Monday,2,finishing,False,False
10,0.7,21.82,1448.0,6120,40,0.0,0,1,51,0,0.700236601,Saturday,4,sweing,False,False
3,0.75,29.4,1172.0,5340,45,0.0,0,2,60,0,0.7501769909999999,Tuesday,4,sweing,False,False
3,0.8,4.6,0.0,6300,0,0.0,0,0,15,0,0.902962963,Tuesday,1,finishing,False,False
3,0.75,4.15,0.0,1560,0,0.0,0,0,8,1,0.991388889,Sunday,1,finishing,False,False
6,0.7,2.9,0.0,720,0,0.0,0,0,6,0,0.394722222,Wednesday,2,finishing,False,False
4,0.8,3.94,0.0,3840,0,0.0,0,0,16,1,0.893663194,Monday,1,finishing,False,False
7,0.7,3.94,0.0,1200,0,0.0,0,0,10,0,0.8471,Thursday,1,finishing,False,False
2,0.8,3.94,0.0,1440,0,0.0,0,0,8,1,0.8357575759999999,Thursday,2,finishing,False,False
3,0.8,22.52,1060.0,6840,100,0.0,0,0,57,0,0.950185965,Saturday,1,sweing,False,False
9,0.7,18.79,1587.0,4560,30,0.0,0,1,51,0,0.70009573,Wednesday,3,sweing,False,False
11,0.8,4.15,0.0,900,0,0.0,0,0,5,1,0.5156060610000001,Thursday,2,finishing,False,False
10,0.8,3.94,0.0,960,0,0.0,0,0,8,0,0.385791667,Sunday,4,finishing,False,False
8,0.8,25.9,1233.0,10170,60,0.0,0,0,57,0,0.850136766,Monday,2,sweing,False,False
11,0.7,14.89,1735.0,10260,50,0.0,0,0,57,0,0.700170388,Wednesday,3,sweing,False,False
11,0.7,11.41,680.0,2160,30,0.0,0,2,54,0,0.5659722220000001,Monday,3,sweing,False,False
4,0.7,4.15,0.0,1800,0,0.0,0,0,15,0,1.096633333,Thursday,2,finishing,False,False
9,0.8,29.12,829.0,6960,50,0.0,0,0,58,0,0.7999632179999999,Saturday,1,sweing,False,False
3,0.8,22.52,813.0,0,88,0.0,0,0,57,0,0.90047076,Tuesday,2,sweing,False,False
10,0.75,22.52,1413.0,10080,69,0.0,0,0,56,0,0.800020563,Sunday,4,sweing,False,False
9,0.8,29.12,14.0,6960,0,0.0,0,0,58,0,0.497885057,Thursday,2,sweing,False,False
9,0.75,29.12,1070.0,6960,34,0.0,0,0,58,0,0.7505931029999999,Tuesday,1,sweing,False,False
4,0.8,30.1,891.0,7140,38,0.0,0,1,59,0,0.800137255,Monday,4,sweing,False,False
10,0.8,22.52,1088.0,6720,88,0.0,0,0,56,0,0.900129762,Thursday,5,sweing,False,False
4,0.8,4.3,0.0,1440,0,0.0,0,0,12,1,0.7226388890000001,Wednesday,4,finishing,False,False
